2026-03-21 12:42:37.727  INFO 21232 --- [demo] [main] com.example.demo.DemoApplication         : Starting DemoApplication using Java 17.0.11 with PID 21232 (F:\Universidad\Docencia ICESI\Computación en Internet 2\2026 01\parcial-jpa-avion\target\classes started by Kelocoes in F:\Universidad\Docencia ICESI\Computación en Internet 2\2026 01\parcial-jpa-avion)
2026-03-21 12:42:37.729  INFO 21232 --- [demo] [main] com.example.demo.DemoApplication         : No active profile set, falling back to 1 default profile: "default"
2026-03-21 12:42:38.124  INFO 21232 --- [demo] [main] .s.d.r.c.RepositoryConfigurationDelegate : Bootstrapping Spring Data JPA repositories in DEFAULT mode.
2026-03-21 12:42:38.184  INFO 21232 --- [demo] [main] .s.d.r.c.RepositoryConfigurationDelegate : Finished Spring Data repository scanning in 51 ms. Found 6 JPA repository interfaces.
2026-03-21 12:42:38.534  INFO 21232 --- [demo] [main] o.s.boot.tomcat.TomcatWebServer          : Tomcat initialized with port 8081 (http)
2026-03-21 12:42:38.543  INFO 21232 --- [demo] [main] o.apache.catalina.core.StandardService   : Starting service [Tomcat]
2026-03-21 12:42:38.544  INFO 21232 --- [demo] [main] o.apache.catalina.core.StandardEngine    : Starting Servlet engine: [Apache Tomcat/11.0.18]
2026-03-21 12:42:38.596  INFO 21232 --- [demo] [main] b.w.c.s.WebApplicationContextInitializer : Root WebApplicationContext: initialization completed in 834 ms
2026-03-21 12:42:38.714  INFO 21232 --- [demo] [main] org.hibernate.orm.jpa                    : HHH008540: Processing PersistenceUnitInfo [name: default]
2026-03-21 12:42:38.763  INFO 21232 --- [demo] [main] org.hibernate.orm.core                   : HHH000001: Hibernate ORM core version 7.2.7.Final
2026-03-21 12:42:39.112  INFO 21232 --- [demo] [main] o.s.o.j.p.SpringPersistenceUnitInfo      : No LoadTimeWeaver setup: ignoring JPA class transformer
2026-03-21 12:42:39.140  INFO 21232 --- [demo] [main] com.zaxxer.hikari.HikariDataSource       : HikariPool-1 - Starting...
2026-03-21 12:42:39.272  INFO 21232 --- [demo] [main] com.zaxxer.hikari.pool.HikariPool        : HikariPool-1 - Added connection conn0: url=jdbc:h2:mem:db-test user=POSTGRES
2026-03-21 12:42:39.274  INFO 21232 --- [demo] [main] com.zaxxer.hikari.HikariDataSource       : HikariPool-1 - Start completed.
2026-03-21 12:42:39.319  INFO 21232 --- [demo] [main] org.hibernate.orm.connections.pooling    : HHH10001005: Database info:
	Database JDBC URL [jdbc:h2:mem:db-test]
	Database driver: H2 JDBC Driver
	Database dialect: H2Dialect
	Database version: 2.4.240
	Default catalog/schema: DB-TEST/PUBLIC
	Autocommit mode: undefined/unknown
	Isolation level: READ_COMMITTED [default READ_COMMITTED]
	JDBC fetch size: 100
	Pool: DataSourceConnectionProvider
	Minimum pool size: undefined/unknown
	Maximum pool size: undefined/unknown
2026-03-21 12:42:40.020  INFO 21232 --- [demo] [main] org.hibernate.orm.core                   : HHH000489: No JTA platform available (set 'hibernate.transaction.jta.platform' to enable JTA platform integration)
2026-03-21 12:42:40.072  INFO 21232 --- [demo] [main] j.LocalContainerEntityManagerFactoryBean : Initialized JPA EntityManagerFactory for persistence unit 'default'
2026-03-21 12:42:40.127  INFO 21232 --- [demo] [main] o.s.d.j.r.query.QueryEnhancerFactories   : Hibernate is in classpath; If applicable, HQL parser will be used.
2026-03-21 12:42:40.348  WARN 21232 --- [demo] [main] JpaBaseConfiguration$JpaWebConfiguration : spring.jpa.open-in-view is enabled by default. Therefore, database queries may be performed during view rendering. Explicitly configure spring.jpa.open-in-view to disable this warning
2026-03-21 12:42:40.582  INFO 21232 --- [demo] [main] o.s.b.h.a.H2ConsoleAutoConfiguration     : H2 console available at '/h2-console'. Database available at 'jdbc:h2:mem:db-test'
2026-03-21 12:42:40.652  INFO 21232 --- [demo] [main] o.s.boot.tomcat.TomcatWebServer          : Tomcat started on port 8081 (http) with context path '/compunet2-2026'
2026-03-21 12:42:40.657  INFO 21232 --- [demo] [main] com.example.demo.DemoApplication         : Started DemoApplication in 3.259 seconds (process running for 3.569)
2026-03-21 12:43:02.661  INFO 21232 --- [demo] [http-nio-8081-exec-1] o.a.c.c.C.[.[.[/compunet2-2026]          : Initializing Spring DispatcherServlet 'dispatcherServlet'
2026-03-21 12:43:02.662  INFO 21232 --- [demo] [http-nio-8081-exec-1] o.s.web.servlet.DispatcherServlet        : Initializing Servlet 'dispatcherServlet'
2026-03-21 12:43:02.663  INFO 21232 --- [demo] [http-nio-8081-exec-1] o.s.web.servlet.DispatcherServlet        : Completed initialization in 1 ms
2026-03-21 12:44:30.776  INFO 21232 --- [demo] [SpringApplicationShutdownHook] o.s.boot.tomcat.GracefulShutdown         : Commencing graceful shutdown. Waiting for active requests to complete
2026-03-21 12:44:30.867  INFO 21232 --- [demo] [tomcat-shutdown] o.s.boot.tomcat.GracefulShutdown         : Graceful shutdown complete
2026-03-21 12:44:30.869  INFO 21232 --- [demo] [SpringApplicationShutdownHook] j.LocalContainerEntityManagerFactoryBean : Closing JPA EntityManagerFactory for persistence unit 'default'
2026-03-21 12:44:30.874  INFO 21232 --- [demo] [SpringApplicationShutdownHook] com.zaxxer.hikari.HikariDataSource       : HikariPool-1 - Shutdown initiated...
2026-03-21 12:44:30.875  INFO 21232 --- [demo] [SpringApplicationShutdownHook] com.zaxxer.hikari.HikariDataSource       : HikariPool-1 - Shutdown completed.
2026-03-21 12:44:38.309  INFO 22436 --- [demo] [main] com.example.demo.DemoApplication         : Starting DemoApplication using Java 17.0.11 with PID 22436 (F:\Universidad\Docencia ICESI\Computación en Internet 2\2026 01\parcial-jpa-avion\target\classes started by Kelocoes in F:\Universidad\Docencia ICESI\Computación en Internet 2\2026 01\parcial-jpa-avion)
2026-03-21 12:44:38.312  INFO 22436 --- [demo] [main] com.example.demo.DemoApplication         : No active profile set, falling back to 1 default profile: "default"
2026-03-21 12:44:38.719  INFO 22436 --- [demo] [main] .s.d.r.c.RepositoryConfigurationDelegate : Bootstrapping Spring Data JPA repositories in DEFAULT mode.
2026-03-21 12:44:38.778  INFO 22436 --- [demo] [main] .s.d.r.c.RepositoryConfigurationDelegate : Finished Spring Data repository scanning in 49 ms. Found 6 JPA repository interfaces.
2026-03-21 12:44:39.156  INFO 22436 --- [demo] [main] o.s.boot.tomcat.TomcatWebServer          : Tomcat initialized with port 8081 (http)
2026-03-21 12:44:39.167  INFO 22436 --- [demo] [main] o.apache.catalina.core.StandardService   : Starting service [Tomcat]
2026-03-21 12:44:39.167  INFO 22436 --- [demo] [main] o.apache.catalina.core.StandardEngine    : Starting Servlet engine: [Apache Tomcat/11.0.18]
2026-03-21 12:44:39.221  INFO 22436 --- [demo] [main] b.w.c.s.WebApplicationContextInitializer : Root WebApplicationContext: initialization completed in 876 ms
2026-03-21 12:44:39.333  INFO 22436 --- [demo] [main] org.hibernate.orm.jpa                    : HHH008540: Processing PersistenceUnitInfo [name: default]
2026-03-21 12:44:39.377  INFO 22436 --- [demo] [main] org.hibernate.orm.core                   : HHH000001: Hibernate ORM core version 7.2.7.Final
2026-03-21 12:44:39.709  INFO 22436 --- [demo] [main] o.s.o.j.p.SpringPersistenceUnitInfo      : No LoadTimeWeaver setup: ignoring JPA class transformer
2026-03-21 12:44:39.735  INFO 22436 --- [demo] [main] com.zaxxer.hikari.HikariDataSource       : HikariPool-1 - Starting...
2026-03-21 12:44:39.868  INFO 22436 --- [demo] [main] com.zaxxer.hikari.pool.HikariPool        : HikariPool-1 - Added connection conn0: url=jdbc:h2:mem:db-test user=POSTGRES
2026-03-21 12:44:39.869  INFO 22436 --- [demo] [main] com.zaxxer.hikari.HikariDataSource       : HikariPool-1 - Start completed.
2026-03-21 12:44:39.913  INFO 22436 --- [demo] [main] org.hibernate.orm.connections.pooling    : HHH10001005: Database info:
	Database JDBC URL [jdbc:h2:mem:db-test]
	Database driver: H2 JDBC Driver
	Database dialect: H2Dialect
	Database version: 2.4.240
	Default catalog/schema: DB-TEST/PUBLIC
	Autocommit mode: undefined/unknown
	Isolation level: READ_COMMITTED [default READ_COMMITTED]
	JDBC fetch size: 100
	Pool: DataSourceConnectionProvider
	Minimum pool size: undefined/unknown
	Maximum pool size: undefined/unknown
2026-03-21 12:44:40.609  INFO 22436 --- [demo] [main] org.hibernate.orm.core                   : HHH000489: No JTA platform available (set 'hibernate.transaction.jta.platform' to enable JTA platform integration)
2026-03-21 12:44:40.662  INFO 22436 --- [demo] [main] j.LocalContainerEntityManagerFactoryBean : Initialized JPA EntityManagerFactory for persistence unit 'default'
2026-03-21 12:44:40.715  INFO 22436 --- [demo] [main] o.s.d.j.r.query.QueryEnhancerFactories   : Hibernate is in classpath; If applicable, HQL parser will be used.
2026-03-21 12:44:40.910  WARN 22436 --- [demo] [main] JpaBaseConfiguration$JpaWebConfiguration : spring.jpa.open-in-view is enabled by default. Therefore, database queries may be performed during view rendering. Explicitly configure spring.jpa.open-in-view to disable this warning
2026-03-21 12:44:41.105  INFO 22436 --- [demo] [main] o.s.b.h.a.H2ConsoleAutoConfiguration     : H2 console available at '/h2-console'. Database available at 'jdbc:h2:mem:db-test'
2026-03-21 12:44:41.162  INFO 22436 --- [demo] [main] o.s.boot.tomcat.TomcatWebServer          : Tomcat started on port 8081 (http) with context path '/compunet2-2026'
2026-03-21 12:44:41.166  INFO 22436 --- [demo] [main] com.example.demo.DemoApplication         : Started DemoApplication in 3.186 seconds (process running for 3.491)
2026-03-21 12:44:41.169  INFO 22436 --- [demo] [SpringApplicationShutdownHook] o.s.boot.tomcat.GracefulShutdown         : Commencing graceful shutdown. Waiting for active requests to complete
2026-03-21 12:44:41.253  INFO 22436 --- [demo] [tomcat-shutdown] o.s.boot.tomcat.GracefulShutdown         : Graceful shutdown complete
2026-03-21 12:44:41.256  INFO 22436 --- [demo] [SpringApplicationShutdownHook] j.LocalContainerEntityManagerFactoryBean : Closing JPA EntityManagerFactory for persistence unit 'default'
2026-03-21 12:44:41.261  INFO 22436 --- [demo] [SpringApplicationShutdownHook] com.zaxxer.hikari.HikariDataSource       : HikariPool-1 - Shutdown initiated...
2026-03-21 12:44:41.262  INFO 22436 --- [demo] [SpringApplicationShutdownHook] com.zaxxer.hikari.HikariDataSource       : HikariPool-1 - Shutdown completed.
2026-03-21 12:44:58.662  INFO 23112 --- [demo] [main] com.example.demo.DemoApplication         : Starting DemoApplication using Java 17.0.11 with PID 23112 (F:\Universidad\Docencia ICESI\Computación en Internet 2\2026 01\parcial-jpa-avion\target\classes started by Kelocoes in F:\Universidad\Docencia ICESI\Computación en Internet 2\2026 01\parcial-jpa-avion)
2026-03-21 12:44:58.665  INFO 23112 --- [demo] [main] com.example.demo.DemoApplication         : No active profile set, falling back to 1 default profile: "default"
2026-03-21 12:44:59.042  INFO 23112 --- [demo] [main] .s.d.r.c.RepositoryConfigurationDelegate : Bootstrapping Spring Data JPA repositories in DEFAULT mode.
2026-03-21 12:44:59.090  INFO 23112 --- [demo] [main] .s.d.r.c.RepositoryConfigurationDelegate : Finished Spring Data repository scanning in 41 ms. Found 6 JPA repository interfaces.
2026-03-21 12:44:59.425  INFO 23112 --- [demo] [main] o.s.boot.tomcat.TomcatWebServer          : Tomcat initialized with port 8081 (http)
2026-03-21 12:44:59.435  INFO 23112 --- [demo] [main] o.apache.catalina.core.StandardService   : Starting service [Tomcat]
2026-03-21 12:44:59.436  INFO 23112 --- [demo] [main] o.apache.catalina.core.StandardEngine    : Starting Servlet engine: [Apache Tomcat/11.0.18]
2026-03-21 12:44:59.487  INFO 23112 --- [demo] [main] b.w.c.s.WebApplicationContextInitializer : Root WebApplicationContext: initialization completed in 789 ms
2026-03-21 12:44:59.603  INFO 23112 --- [demo] [main] org.hibernate.orm.jpa                    : HHH008540: Processing PersistenceUnitInfo [name: default]
2026-03-21 12:44:59.646  INFO 23112 --- [demo] [main] org.hibernate.orm.core                   : HHH000001: Hibernate ORM core version 7.2.7.Final
2026-03-21 12:44:59.982  INFO 23112 --- [demo] [main] o.s.o.j.p.SpringPersistenceUnitInfo      : No LoadTimeWeaver setup: ignoring JPA class transformer
2026-03-21 12:45:00.010  INFO 23112 --- [demo] [main] com.zaxxer.hikari.HikariDataSource       : HikariPool-1 - Starting...
2026-03-21 12:45:00.138  INFO 23112 --- [demo] [main] com.zaxxer.hikari.pool.HikariPool        : HikariPool-1 - Added connection conn0: url=jdbc:h2:mem:db-test user=POSTGRES
2026-03-21 12:45:00.140  INFO 23112 --- [demo] [main] com.zaxxer.hikari.HikariDataSource       : HikariPool-1 - Start completed.
2026-03-21 12:45:00.183  INFO 23112 --- [demo] [main] org.hibernate.orm.connections.pooling    : HHH10001005: Database info:
	Database JDBC URL [jdbc:h2:mem:db-test]
	Database driver: H2 JDBC Driver
	Database dialect: H2Dialect
	Database version: 2.4.240
	Default catalog/schema: DB-TEST/PUBLIC
	Autocommit mode: undefined/unknown
	Isolation level: READ_COMMITTED [default READ_COMMITTED]
	JDBC fetch size: 100
	Pool: DataSourceConnectionProvider
	Minimum pool size: undefined/unknown
	Maximum pool size: undefined/unknown
2026-03-21 12:45:00.859  INFO 23112 --- [demo] [main] org.hibernate.orm.core                   : HHH000489: No JTA platform available (set 'hibernate.transaction.jta.platform' to enable JTA platform integration)
2026-03-21 12:45:00.908  INFO 23112 --- [demo] [main] j.LocalContainerEntityManagerFactoryBean : Initialized JPA EntityManagerFactory for persistence unit 'default'
2026-03-21 12:45:00.961  INFO 23112 --- [demo] [main] o.s.d.j.r.query.QueryEnhancerFactories   : Hibernate is in classpath; If applicable, HQL parser will be used.
2026-03-21 12:45:01.136  WARN 23112 --- [demo] [main] JpaBaseConfiguration$JpaWebConfiguration : spring.jpa.open-in-view is enabled by default. Therefore, database queries may be performed during view rendering. Explicitly configure spring.jpa.open-in-view to disable this warning
2026-03-21 12:45:01.304  INFO 23112 --- [demo] [main] o.s.b.h.a.H2ConsoleAutoConfiguration     : H2 console available at '/h2-console'. Database available at 'jdbc:h2:mem:db-test'
2026-03-21 12:45:01.359  INFO 23112 --- [demo] [main] o.s.boot.tomcat.TomcatWebServer          : Tomcat started on port 8081 (http) with context path '/compunet2-2026'
2026-03-21 12:45:01.363  INFO 23112 --- [demo] [main] com.example.demo.DemoApplication         : Started DemoApplication in 3.03 seconds (process running for 3.332)
2026-03-21 12:45:02.226  INFO 23112 --- [demo] [http-nio-8081-exec-1] o.a.c.c.C.[.[.[/compunet2-2026]          : Initializing Spring DispatcherServlet 'dispatcherServlet'
2026-03-21 12:45:02.226  INFO 23112 --- [demo] [http-nio-8081-exec-1] o.s.web.servlet.DispatcherServlet        : Initializing Servlet 'dispatcherServlet'
2026-03-21 12:45:02.227  INFO 23112 --- [demo] [http-nio-8081-exec-1] o.s.web.servlet.DispatcherServlet        : Completed initialization in 0 ms
2026-03-21 12:46:59.084  INFO 23112 --- [demo] [SpringApplicationShutdownHook] o.s.boot.tomcat.GracefulShutdown         : Commencing graceful shutdown. Waiting for active requests to complete
2026-03-21 12:46:59.168  INFO 23112 --- [demo] [tomcat-shutdown] o.s.boot.tomcat.GracefulShutdown         : Graceful shutdown complete
2026-03-21 12:46:59.171  INFO 23112 --- [demo] [SpringApplicationShutdownHook] j.LocalContainerEntityManagerFactoryBean : Closing JPA EntityManagerFactory for persistence unit 'default'
2026-03-21 12:46:59.175  INFO 23112 --- [demo] [SpringApplicationShutdownHook] com.zaxxer.hikari.HikariDataSource       : HikariPool-1 - Shutdown initiated...
2026-03-21 12:46:59.176  INFO 23112 --- [demo] [SpringApplicationShutdownHook] com.zaxxer.hikari.HikariDataSource       : HikariPool-1 - Shutdown completed.
2026-03-21 12:47:12.152  INFO 20904 --- [demo] [main] com.example.demo.DemoApplication         : Starting DemoApplication using Java 17.0.11 with PID 20904 (F:\Universidad\Docencia ICESI\Computación en Internet 2\2026 01\parcial-jpa-avion\target\classes started by Kelocoes in F:\Universidad\Docencia ICESI\Computación en Internet 2\2026 01\parcial-jpa-avion)
2026-03-21 12:47:12.154  INFO 20904 --- [demo] [main] com.example.demo.DemoApplication         : No active profile set, falling back to 1 default profile: "default"
2026-03-21 12:47:12.536  INFO 20904 --- [demo] [main] .s.d.r.c.RepositoryConfigurationDelegate : Bootstrapping Spring Data JPA repositories in DEFAULT mode.
2026-03-21 12:47:12.585  INFO 20904 --- [demo] [main] .s.d.r.c.RepositoryConfigurationDelegate : Finished Spring Data repository scanning in 42 ms. Found 6 JPA repository interfaces.
2026-03-21 12:47:12.917  INFO 20904 --- [demo] [main] o.s.boot.tomcat.TomcatWebServer          : Tomcat initialized with port 8081 (http)
2026-03-21 12:47:12.927  INFO 20904 --- [demo] [main] o.apache.catalina.core.StandardService   : Starting service [Tomcat]
2026-03-21 12:47:12.927  INFO 20904 --- [demo] [main] o.apache.catalina.core.StandardEngine    : Starting Servlet engine: [Apache Tomcat/11.0.18]
2026-03-21 12:47:12.980  INFO 20904 --- [demo] [main] b.w.c.s.WebApplicationContextInitializer : Root WebApplicationContext: initialization completed in 792 ms
2026-03-21 12:47:13.094  INFO 20904 --- [demo] [main] org.hibernate.orm.jpa                    : HHH008540: Processing PersistenceUnitInfo [name: default]
2026-03-21 12:47:13.137  INFO 20904 --- [demo] [main] org.hibernate.orm.core                   : HHH000001: Hibernate ORM core version 7.2.7.Final
2026-03-21 12:47:13.459  INFO 20904 --- [demo] [main] o.s.o.j.p.SpringPersistenceUnitInfo      : No LoadTimeWeaver setup: ignoring JPA class transformer
2026-03-21 12:47:13.484  INFO 20904 --- [demo] [main] com.zaxxer.hikari.HikariDataSource       : HikariPool-1 - Starting...
2026-03-21 12:47:13.610  INFO 20904 --- [demo] [main] com.zaxxer.hikari.pool.HikariPool        : HikariPool-1 - Added connection conn0: url=jdbc:h2:mem:db-test user=POSTGRES
2026-03-21 12:47:13.612  INFO 20904 --- [demo] [main] com.zaxxer.hikari.HikariDataSource       : HikariPool-1 - Start completed.
2026-03-21 12:47:13.657  INFO 20904 --- [demo] [main] org.hibernate.orm.connections.pooling    : HHH10001005: Database info:
	Database JDBC URL [jdbc:h2:mem:db-test]
	Database driver: H2 JDBC Driver
	Database dialect: H2Dialect
	Database version: 2.4.240
	Default catalog/schema: DB-TEST/PUBLIC
	Autocommit mode: undefined/unknown
	Isolation level: READ_COMMITTED [default READ_COMMITTED]
	JDBC fetch size: 100
	Pool: DataSourceConnectionProvider
	Minimum pool size: undefined/unknown
	Maximum pool size: undefined/unknown
2026-03-21 12:47:14.326  INFO 20904 --- [demo] [main] org.hibernate.orm.core                   : HHH000489: No JTA platform available (set 'hibernate.transaction.jta.platform' to enable JTA platform integration)
2026-03-21 12:47:14.374  INFO 20904 --- [demo] [main] j.LocalContainerEntityManagerFactoryBean : Initialized JPA EntityManagerFactory for persistence unit 'default'
2026-03-21 12:47:14.423  INFO 20904 --- [demo] [main] o.s.d.j.r.query.QueryEnhancerFactories   : Hibernate is in classpath; If applicable, HQL parser will be used.
2026-03-21 12:47:14.588  WARN 20904 --- [demo] [main] JpaBaseConfiguration$JpaWebConfiguration : spring.jpa.open-in-view is enabled by default. Therefore, database queries may be performed during view rendering. Explicitly configure spring.jpa.open-in-view to disable this warning
2026-03-21 12:47:14.763  INFO 20904 --- [demo] [main] o.s.b.h.a.H2ConsoleAutoConfiguration     : H2 console available at '/h2-console'. Database available at 'jdbc:h2:mem:db-test'
2026-03-21 12:47:14.778  WARN 20904 --- [demo] [main] ConfigServletWebServerApplicationContext : Exception encountered during context initialization - cancelling refresh attempt: org.springframework.beans.factory.BeanCreationException: Error creating bean with name 'dataSourceScriptDatabaseInitializer' defined in class path resource [org/springframework/boot/jdbc/autoconfigure/DataSourceInitializationAutoConfiguration.class]: Failed to execute SQL script statement #4 of file [F:\Universidad\Docencia ICESI\Computación en Internet 2\2026 01\parcial-jpa-avion\target\classes\data.sql]: INSERT INTO flights (id, flight_number, departure_date, arrival_date, estimated_passengers, airplane_id, origin_airport_id, destination_airport_id) VALUES (1, 'AN101', '2026-03-01 07:00:00', '2026-03-01 13:00:00', 168, 1, 1, 2), (2, 'AN202', '2026-03-01 15:30:00', '2026-03-01 21:10:00', 160, 2, 2, 1), (3, 'PW303', '2026-03-10 09:10:00', '2026-03-10 15:20:00', 240, 3, 3, 1), (4, 'PW404', '2026-03-15 08:30:00', '2026-03-15 20:00:00', 250, 3, 1, 4), (5, 'AN505', '2026-03-18 06:40:00', '2026-03-18 11:10:00', 158, 1, 1, 3), (6, 'AN606', '2026-03-20 19:00:00', '2026-03-21 01:30:00', 172, 2, 4, 1), INSERT INTO tickets (id, passenger_full_name, booking_code, purchase_date, origin_airport_id, destination_airport_id) VALUES (1, 'Laura Gomez', 'TG001', '2026-02-20 11:00:00', 1, 4), (2, 'Carlos Ruiz', 'TG002', '2026-02-22 16:20:00', 3, 1), (3, 'Ana Torres', 'TG003', '2026-02-25 09:45:00', 2, 3)
2026-03-21 12:47:14.779  INFO 20904 --- [demo] [main] j.LocalContainerEntityManagerFactoryBean : Closing JPA EntityManagerFactory for persistence unit 'default'
2026-03-21 12:47:14.784  INFO 20904 --- [demo] [main] com.zaxxer.hikari.HikariDataSource       : HikariPool-1 - Shutdown initiated...
2026-03-21 12:47:14.786  INFO 20904 --- [demo] [main] com.zaxxer.hikari.HikariDataSource       : HikariPool-1 - Shutdown completed.
2026-03-21 12:47:14.787  INFO 20904 --- [demo] [main] o.apache.catalina.core.StandardService   : Stopping service [Tomcat]
2026-03-21 12:47:14.793  INFO 20904 --- [demo] [main] .s.b.a.l.ConditionEvaluationReportLogger : 

Error starting ApplicationContext. To display the condition evaluation report re-run your application with 'debug' enabled.
2026-03-21 12:47:14.802 ERROR 20904 --- [demo] [main] o.s.boot.SpringApplication               : Application run failed

org.springframework.beans.factory.BeanCreationException: Error creating bean with name 'dataSourceScriptDatabaseInitializer' defined in class path resource [org/springframework/boot/jdbc/autoconfigure/DataSourceInitializationAutoConfiguration.class]: Failed to execute SQL script statement #4 of file [F:\Universidad\Docencia ICESI\Computación en Internet 2\2026 01\parcial-jpa-avion\target\classes\data.sql]: INSERT INTO flights (id, flight_number, departure_date, arrival_date, estimated_passengers, airplane_id, origin_airport_id, destination_airport_id) VALUES (1, 'AN101', '2026-03-01 07:00:00', '2026-03-01 13:00:00', 168, 1, 1, 2), (2, 'AN202', '2026-03-01 15:30:00', '2026-03-01 21:10:00', 160, 2, 2, 1), (3, 'PW303', '2026-03-10 09:10:00', '2026-03-10 15:20:00', 240, 3, 3, 1), (4, 'PW404', '2026-03-15 08:30:00', '2026-03-15 20:00:00', 250, 3, 1, 4), (5, 'AN505', '2026-03-18 06:40:00', '2026-03-18 11:10:00', 158, 1, 1, 3), (6, 'AN606', '2026-03-20 19:00:00', '2026-03-21 01:30:00', 172, 2, 4, 1), INSERT INTO tickets (id, passenger_full_name, booking_code, purchase_date, origin_airport_id, destination_airport_id) VALUES (1, 'Laura Gomez', 'TG001', '2026-02-20 11:00:00', 1, 4), (2, 'Carlos Ruiz', 'TG002', '2026-02-22 16:20:00', 3, 1), (3, 'Ana Torres', 'TG003', '2026-02-25 09:45:00', 2, 3)
	at org.springframework.beans.factory.support.AbstractAutowireCapableBeanFactory.initializeBean(AbstractAutowireCapableBeanFactory.java:1817) ~[spring-beans-7.0.6.jar:7.0.6]
	at org.springframework.beans.factory.support.AbstractAutowireCapableBeanFactory.doCreateBean(AbstractAutowireCapableBeanFactory.java:603) ~[spring-beans-7.0.6.jar:7.0.6]
	at org.springframework.beans.factory.support.AbstractAutowireCapableBeanFactory.createBean(AbstractAutowireCapableBeanFactory.java:525) ~[spring-beans-7.0.6.jar:7.0.6]
	at org.springframework.beans.factory.support.AbstractBeanFactory.lambda$doGetBean$0(AbstractBeanFactory.java:333) ~[spring-beans-7.0.6.jar:7.0.6]
	at org.springframework.beans.factory.support.DefaultSingletonBeanRegistry.getSingleton(DefaultSingletonBeanRegistry.java:371) ~[spring-beans-7.0.6.jar:7.0.6]
	at org.springframework.beans.factory.support.AbstractBeanFactory.doGetBean(AbstractBeanFactory.java:331) ~[spring-beans-7.0.6.jar:7.0.6]
	at org.springframework.beans.factory.support.AbstractBeanFactory.getBean(AbstractBeanFactory.java:196) ~[spring-beans-7.0.6.jar:7.0.6]
	at org.springframework.beans.factory.support.DefaultListableBeanFactory.instantiateSingleton(DefaultListableBeanFactory.java:1218) ~[spring-beans-7.0.6.jar:7.0.6]
	at org.springframework.beans.factory.support.DefaultListableBeanFactory.preInstantiateSingleton(DefaultListableBeanFactory.java:1184) ~[spring-beans-7.0.6.jar:7.0.6]
	at org.springframework.beans.factory.support.DefaultListableBeanFactory.preInstantiateSingletons(DefaultListableBeanFactory.java:1121) ~[spring-beans-7.0.6.jar:7.0.6]
	at org.springframework.context.support.AbstractApplicationContext.finishBeanFactoryInitialization(AbstractApplicationContext.java:994) ~[spring-context-7.0.6.jar:7.0.6]
	at org.springframework.context.support.AbstractApplicationContext.refresh(AbstractApplicationContext.java:621) ~[spring-context-7.0.6.jar:7.0.6]
	at org.springframework.boot.web.server.servlet.context.ServletWebServerApplicationContext.refresh(ServletWebServerApplicationContext.java:143) ~[spring-boot-web-server-4.0.4.jar:4.0.4]
	at org.springframework.boot.SpringApplication.refresh(SpringApplication.java:756) ~[spring-boot-4.0.4.jar:4.0.4]
	at org.springframework.boot.SpringApplication.refreshContext(SpringApplication.java:445) ~[spring-boot-4.0.4.jar:4.0.4]
	at org.springframework.boot.SpringApplication.run(SpringApplication.java:321) ~[spring-boot-4.0.4.jar:4.0.4]
	at org.springframework.boot.SpringApplication.run(SpringApplication.java:1365) ~[spring-boot-4.0.4.jar:4.0.4]
	at org.springframework.boot.SpringApplication.run(SpringApplication.java:1354) ~[spring-boot-4.0.4.jar:4.0.4]
	at com.example.demo.DemoApplication.main(DemoApplication.java:10) ~[classes/:na]
Caused by: org.springframework.jdbc.datasource.init.ScriptStatementFailedException: Failed to execute SQL script statement #4 of file [F:\Universidad\Docencia ICESI\Computación en Internet 2\2026 01\parcial-jpa-avion\target\classes\data.sql]: INSERT INTO flights (id, flight_number, departure_date, arrival_date, estimated_passengers, airplane_id, origin_airport_id, destination_airport_id) VALUES (1, 'AN101', '2026-03-01 07:00:00', '2026-03-01 13:00:00', 168, 1, 1, 2), (2, 'AN202', '2026-03-01 15:30:00', '2026-03-01 21:10:00', 160, 2, 2, 1), (3, 'PW303', '2026-03-10 09:10:00', '2026-03-10 15:20:00', 240, 3, 3, 1), (4, 'PW404', '2026-03-15 08:30:00', '2026-03-15 20:00:00', 250, 3, 1, 4), (5, 'AN505', '2026-03-18 06:40:00', '2026-03-18 11:10:00', 158, 1, 1, 3), (6, 'AN606', '2026-03-20 19:00:00', '2026-03-21 01:30:00', 172, 2, 4, 1), INSERT INTO tickets (id, passenger_full_name, booking_code, purchase_date, origin_airport_id, destination_airport_id) VALUES (1, 'Laura Gomez', 'TG001', '2026-02-20 11:00:00', 1, 4), (2, 'Carlos Ruiz', 'TG002', '2026-02-22 16:20:00', 3, 1), (3, 'Ana Torres', 'TG003', '2026-02-25 09:45:00', 2, 3)
	at org.springframework.jdbc.datasource.init.ScriptUtils.executeSqlScript(ScriptUtils.java:293) ~[spring-jdbc-7.0.6.jar:7.0.6]
	at org.springframework.jdbc.datasource.init.ResourceDatabasePopulator.populate(ResourceDatabasePopulator.java:254) ~[spring-jdbc-7.0.6.jar:7.0.6]
	at org.springframework.jdbc.datasource.init.DatabasePopulatorUtils.execute(DatabasePopulatorUtils.java:54) ~[spring-jdbc-7.0.6.jar:7.0.6]
	at org.springframework.boot.jdbc.init.DataSourceScriptDatabaseInitializer.runScripts(DataSourceScriptDatabaseInitializer.java:87) ~[spring-boot-jdbc-4.0.4.jar:4.0.4]
	at org.springframework.boot.sql.init.AbstractScriptDatabaseInitializer.runScripts(AbstractScriptDatabaseInitializer.java:159) ~[spring-boot-sql-4.0.4.jar:4.0.4]
	at org.springframework.boot.sql.init.AbstractScriptDatabaseInitializer.applyScripts(AbstractScriptDatabaseInitializer.java:120) ~[spring-boot-sql-4.0.4.jar:4.0.4]
	at org.springframework.boot.sql.init.AbstractScriptDatabaseInitializer.applyDataScripts(AbstractScriptDatabaseInitializer.java:113) ~[spring-boot-sql-4.0.4.jar:4.0.4]
	at org.springframework.boot.sql.init.AbstractScriptDatabaseInitializer.initializeDatabase(AbstractScriptDatabaseInitializer.java:88) ~[spring-boot-sql-4.0.4.jar:4.0.4]
	at org.springframework.boot.sql.init.AbstractScriptDatabaseInitializer.afterPropertiesSet(AbstractScriptDatabaseInitializer.java:77) ~[spring-boot-sql-4.0.4.jar:4.0.4]
	at org.springframework.beans.factory.support.AbstractAutowireCapableBeanFactory.invokeInitMethods(AbstractAutowireCapableBeanFactory.java:1864) ~[spring-beans-7.0.6.jar:7.0.6]
	at org.springframework.beans.factory.support.AbstractAutowireCapableBeanFactory.initializeBean(AbstractAutowireCapableBeanFactory.java:1813) ~[spring-beans-7.0.6.jar:7.0.6]
	... 18 common frames omitted
Caused by: org.h2.jdbc.JdbcSQLSyntaxErrorException: Error de Sintaxis en sentencia SQL "INSERT INTO flights (id, flight_number, departure_date, arrival_date, estimated_passengers, airplane_id, origin_airport_id, destination_airport_id) VALUES (1, 'AN101', '2026-03-01 07:00:00', '2026-03-01 13:00:00', 168, 1, 1, 2), (2, 'AN202', '2026-03-01 15:30:00', '2026-03-01 21:10:00', 160, 2, 2, 1), (3, 'PW303', '2026-03-10 09:10:00', '2026-03-10 15:20:00', 240, 3, 3, 1), (4, 'PW404', '2026-03-15 08:30:00', '2026-03-15 20:00:00', 250, 3, 1, 4), (5, 'AN505', '2026-03-18 06:40:00', '2026-03-18 11:10:00', 158, 1, 1, 3), (6, 'AN606', '2026-03-20 19:00:00', '2026-03-21 01:30:00', 172, 2, 4, 1), INSERT [*]INTO tickets (id, passenger_full_name, booking_code, purchase_date, origin_airport_id, destination_airport_id) VALUES (1, 'Laura Gomez', 'TG001', '2026-02-20 11:00:00', 1, 4), (2, 'Carlos Ruiz', 'TG002', '2026-02-22 16:20:00', 3, 1), (3, 'Ana Torres', 'TG003', '2026-02-25 09:45:00', 2, 3)"
Syntax error in SQL statement "INSERT INTO flights (id, flight_number, departure_date, arrival_date, estimated_passengers, airplane_id, origin_airport_id, destination_airport_id) VALUES (1, 'AN101', '2026-03-01 07:00:00', '2026-03-01 13:00:00', 168, 1, 1, 2), (2, 'AN202', '2026-03-01 15:30:00', '2026-03-01 21:10:00', 160, 2, 2, 1), (3, 'PW303', '2026-03-10 09:10:00', '2026-03-10 15:20:00', 240, 3, 3, 1), (4, 'PW404', '2026-03-15 08:30:00', '2026-03-15 20:00:00', 250, 3, 1, 4), (5, 'AN505', '2026-03-18 06:40:00', '2026-03-18 11:10:00', 158, 1, 1, 3), (6, 'AN606', '2026-03-20 19:00:00', '2026-03-21 01:30:00', 172, 2, 4, 1), INSERT [*]INTO tickets (id, passenger_full_name, booking_code, purchase_date, origin_airport_id, destination_airport_id) VALUES (1, 'Laura Gomez', 'TG001', '2026-02-20 11:00:00', 1, 4), (2, 'Carlos Ruiz', 'TG002', '2026-02-22 16:20:00', 3, 1), (3, 'Ana Torres', 'TG003', '2026-02-25 09:45:00', 2, 3)"; SQL statement:
INSERT INTO flights (id, flight_number, departure_date, arrival_date, estimated_passengers, airplane_id, origin_airport_id, destination_airport_id) VALUES (1, 'AN101', '2026-03-01 07:00:00', '2026-03-01 13:00:00', 168, 1, 1, 2), (2, 'AN202', '2026-03-01 15:30:00', '2026-03-01 21:10:00', 160, 2, 2, 1), (3, 'PW303', '2026-03-10 09:10:00', '2026-03-10 15:20:00', 240, 3, 3, 1), (4, 'PW404', '2026-03-15 08:30:00', '2026-03-15 20:00:00', 250, 3, 1, 4), (5, 'AN505', '2026-03-18 06:40:00', '2026-03-18 11:10:00', 158, 1, 1, 3), (6, 'AN606', '2026-03-20 19:00:00', '2026-03-21 01:30:00', 172, 2, 4, 1), INSERT INTO tickets (id, passenger_full_name, booking_code, purchase_date, origin_airport_id, destination_airport_id) VALUES (1, 'Laura Gomez', 'TG001', '2026-02-20 11:00:00', 1, 4), (2, 'Carlos Ruiz', 'TG002', '2026-02-22 16:20:00', 3, 1), (3, 'Ana Torres', 'TG003', '2026-02-25 09:45:00', 2, 3) [42000-240]
	at org.h2.message.DbException.getJdbcSQLException(DbException.java:514) ~[h2-2.4.240.jar:2.4.240]
	at org.h2.message.DbException.getJdbcSQLException(DbException.java:489) ~[h2-2.4.240.jar:2.4.240]
	at org.h2.message.DbException.get(DbException.java:223) ~[h2-2.4.240.jar:2.4.240]
	at org.h2.message.DbException.get(DbException.java:199) ~[h2-2.4.240.jar:2.4.240]
	at org.h2.message.DbException.getSyntaxError(DbException.java:247) ~[h2-2.4.240.jar:2.4.240]
	at org.h2.command.ParserBase.getSyntaxError(ParserBase.java:760) ~[h2-2.4.240.jar:2.4.240]
	at org.h2.command.Parser.prepareCommand(Parser.java:490) ~[h2-2.4.240.jar:2.4.240]
	at org.h2.engine.SessionLocal.prepareLocal(SessionLocal.java:647) ~[h2-2.4.240.jar:2.4.240]
	at org.h2.engine.SessionLocal.prepareCommand(SessionLocal.java:563) ~[h2-2.4.240.jar:2.4.240]
	at org.h2.jdbc.JdbcConnection.prepareCommand(JdbcConnection.java:1160) ~[h2-2.4.240.jar:2.4.240]
	at org.h2.jdbc.JdbcStatement.executeInternal(JdbcStatement.java:245) ~[h2-2.4.240.jar:2.4.240]
	at org.h2.jdbc.JdbcStatement.execute(JdbcStatement.java:231) ~[h2-2.4.240.jar:2.4.240]
	at com.zaxxer.hikari.pool.ProxyStatement.execute(ProxyStatement.java:95) ~[HikariCP-7.0.2.jar:na]
	at com.zaxxer.hikari.pool.HikariProxyStatement.execute(HikariProxyStatement.java) ~[HikariCP-7.0.2.jar:na]
	at org.springframework.jdbc.datasource.init.ScriptUtils.executeSqlScript(ScriptUtils.java:261) ~[spring-jdbc-7.0.6.jar:7.0.6]
	... 28 common frames omitted

2026-03-21 12:51:26.962  INFO 11048 --- [demo] [main] com.example.demo.DemoApplication         : Starting DemoApplication using Java 17.0.11 with PID 11048 (F:\Universidad\Docencia ICESI\Computación en Internet 2\2026 01\parcial-jpa-avion\target\classes started by Kelocoes in F:\Universidad\Docencia ICESI\Computación en Internet 2\2026 01\parcial-jpa-avion)
2026-03-21 12:51:26.965  INFO 11048 --- [demo] [main] com.example.demo.DemoApplication         : No active profile set, falling back to 1 default profile: "default"
2026-03-21 12:51:27.344  INFO 11048 --- [demo] [main] .s.d.r.c.RepositoryConfigurationDelegate : Bootstrapping Spring Data JPA repositories in DEFAULT mode.
2026-03-21 12:51:27.390  INFO 11048 --- [demo] [main] .s.d.r.c.RepositoryConfigurationDelegate : Finished Spring Data repository scanning in 40 ms. Found 6 JPA repository interfaces.
2026-03-21 12:51:27.712  INFO 11048 --- [demo] [main] o.s.boot.tomcat.TomcatWebServer          : Tomcat initialized with port 8081 (http)
2026-03-21 12:51:27.722  INFO 11048 --- [demo] [main] o.apache.catalina.core.StandardService   : Starting service [Tomcat]
2026-03-21 12:51:27.722  INFO 11048 --- [demo] [main] o.apache.catalina.core.StandardEngine    : Starting Servlet engine: [Apache Tomcat/11.0.18]
2026-03-21 12:51:27.775  INFO 11048 --- [demo] [main] b.w.c.s.WebApplicationContextInitializer : Root WebApplicationContext: initialization completed in 778 ms
2026-03-21 12:51:27.893  INFO 11048 --- [demo] [main] org.hibernate.orm.jpa                    : HHH008540: Processing PersistenceUnitInfo [name: default]
2026-03-21 12:51:27.932  INFO 11048 --- [demo] [main] org.hibernate.orm.core                   : HHH000001: Hibernate ORM core version 7.2.7.Final
2026-03-21 12:51:28.247  INFO 11048 --- [demo] [main] o.s.o.j.p.SpringPersistenceUnitInfo      : No LoadTimeWeaver setup: ignoring JPA class transformer
2026-03-21 12:51:28.274  INFO 11048 --- [demo] [main] com.zaxxer.hikari.HikariDataSource       : HikariPool-1 - Starting...
2026-03-21 12:51:28.400  INFO 11048 --- [demo] [main] com.zaxxer.hikari.pool.HikariPool        : HikariPool-1 - Added connection conn0: url=jdbc:h2:mem:db-test user=POSTGRES
2026-03-21 12:51:28.401  INFO 11048 --- [demo] [main] com.zaxxer.hikari.HikariDataSource       : HikariPool-1 - Start completed.
2026-03-21 12:51:28.444  INFO 11048 --- [demo] [main] org.hibernate.orm.connections.pooling    : HHH10001005: Database info:
	Database JDBC URL [jdbc:h2:mem:db-test]
	Database driver: H2 JDBC Driver
	Database dialect: H2Dialect
	Database version: 2.4.240
	Default catalog/schema: DB-TEST/PUBLIC
	Autocommit mode: undefined/unknown
	Isolation level: READ_COMMITTED [default READ_COMMITTED]
	JDBC fetch size: 100
	Pool: DataSourceConnectionProvider
	Minimum pool size: undefined/unknown
	Maximum pool size: undefined/unknown
2026-03-21 12:51:29.104  INFO 11048 --- [demo] [main] org.hibernate.orm.core                   : HHH000489: No JTA platform available (set 'hibernate.transaction.jta.platform' to enable JTA platform integration)
2026-03-21 12:51:29.152  INFO 11048 --- [demo] [main] j.LocalContainerEntityManagerFactoryBean : Initialized JPA EntityManagerFactory for persistence unit 'default'
2026-03-21 12:51:29.203  INFO 11048 --- [demo] [main] o.s.d.j.r.query.QueryEnhancerFactories   : Hibernate is in classpath; If applicable, HQL parser will be used.
2026-03-21 12:51:29.371  WARN 11048 --- [demo] [main] JpaBaseConfiguration$JpaWebConfiguration : spring.jpa.open-in-view is enabled by default. Therefore, database queries may be performed during view rendering. Explicitly configure spring.jpa.open-in-view to disable this warning
2026-03-21 12:51:29.543  INFO 11048 --- [demo] [main] o.s.b.h.a.H2ConsoleAutoConfiguration     : H2 console available at '/h2-console'. Database available at 'jdbc:h2:mem:db-test'
2026-03-21 12:51:29.557  WARN 11048 --- [demo] [main] ConfigServletWebServerApplicationContext : Exception encountered during context initialization - cancelling refresh attempt: org.springframework.beans.factory.BeanCreationException: Error creating bean with name 'dataSourceScriptDatabaseInitializer' defined in class path resource [org/springframework/boot/jdbc/autoconfigure/DataSourceInitializationAutoConfiguration.class]: Failed to execute SQL script statement #4 of file [F:\Universidad\Docencia ICESI\Computación en Internet 2\2026 01\parcial-jpa-avion\target\classes\data.sql]: INSERT INTO flights (id, flight_number, departure_date, arrival_date, estimated_passengers, airplane_id, origin_airport_id, destination_airport_id) VALUES (1, 'AN101', '2026-03-01 07:00:00', '2026-03-01 13:00:00', 168, 1, 1, 2), (2, 'AN202', '2026-03-01 15:30:00', '2026-03-01 21:10:00', 160, 2, 2, 1), (3, 'PW303', '2026-03-10 09:10:00', '2026-03-10 15:20:00', 240, 3, 3, 1), (4, 'PW404', '2026-03-15 08:30:00', '2026-03-15 20:00:00', 250, 3, 1, 4), (5, 'AN505', '2026-03-18 06:40:00', '2026-03-18 11:10:00', 158, 1, 1, 3), (6, 'AN606', '2026-03-20 19:00:00', '2026-03-21 01:30:00', 172, 2, 4, 1), INSERT INTO tickets (id, passenger_full_name, booking_code, purchase_date, origin_airport_id, destination_airport_id) VALUES (1, 'Laura Gomez', 'TG001', '2026-02-20 11:00:00', 1, 4), (2, 'Carlos Ruiz', 'TG002', '2026-02-22 16:20:00', 3, 1), (3, 'Ana Torres', 'TG003', '2026-02-25 09:45:00', 2, 3)
2026-03-21 12:51:29.558  INFO 11048 --- [demo] [main] j.LocalContainerEntityManagerFactoryBean : Closing JPA EntityManagerFactory for persistence unit 'default'
2026-03-21 12:51:29.564  INFO 11048 --- [demo] [main] com.zaxxer.hikari.HikariDataSource       : HikariPool-1 - Shutdown initiated...
2026-03-21 12:51:29.565  INFO 11048 --- [demo] [main] com.zaxxer.hikari.HikariDataSource       : HikariPool-1 - Shutdown completed.
2026-03-21 12:51:29.567  INFO 11048 --- [demo] [main] o.apache.catalina.core.StandardService   : Stopping service [Tomcat]
2026-03-21 12:51:29.573  INFO 11048 --- [demo] [main] .s.b.a.l.ConditionEvaluationReportLogger : 

Error starting ApplicationContext. To display the condition evaluation report re-run your application with 'debug' enabled.
2026-03-21 12:51:29.583 ERROR 11048 --- [demo] [main] o.s.boot.SpringApplication               : Application run failed

org.springframework.beans.factory.BeanCreationException: Error creating bean with name 'dataSourceScriptDatabaseInitializer' defined in class path resource [org/springframework/boot/jdbc/autoconfigure/DataSourceInitializationAutoConfiguration.class]: Failed to execute SQL script statement #4 of file [F:\Universidad\Docencia ICESI\Computación en Internet 2\2026 01\parcial-jpa-avion\target\classes\data.sql]: INSERT INTO flights (id, flight_number, departure_date, arrival_date, estimated_passengers, airplane_id, origin_airport_id, destination_airport_id) VALUES (1, 'AN101', '2026-03-01 07:00:00', '2026-03-01 13:00:00', 168, 1, 1, 2), (2, 'AN202', '2026-03-01 15:30:00', '2026-03-01 21:10:00', 160, 2, 2, 1), (3, 'PW303', '2026-03-10 09:10:00', '2026-03-10 15:20:00', 240, 3, 3, 1), (4, 'PW404', '2026-03-15 08:30:00', '2026-03-15 20:00:00', 250, 3, 1, 4), (5, 'AN505', '2026-03-18 06:40:00', '2026-03-18 11:10:00', 158, 1, 1, 3), (6, 'AN606', '2026-03-20 19:00:00', '2026-03-21 01:30:00', 172, 2, 4, 1), INSERT INTO tickets (id, passenger_full_name, booking_code, purchase_date, origin_airport_id, destination_airport_id) VALUES (1, 'Laura Gomez', 'TG001', '2026-02-20 11:00:00', 1, 4), (2, 'Carlos Ruiz', 'TG002', '2026-02-22 16:20:00', 3, 1), (3, 'Ana Torres', 'TG003', '2026-02-25 09:45:00', 2, 3)
	at org.springframework.beans.factory.support.AbstractAutowireCapableBeanFactory.initializeBean(AbstractAutowireCapableBeanFactory.java:1817) ~[spring-beans-7.0.6.jar:7.0.6]
	at org.springframework.beans.factory.support.AbstractAutowireCapableBeanFactory.doCreateBean(AbstractAutowireCapableBeanFactory.java:603) ~[spring-beans-7.0.6.jar:7.0.6]
	at org.springframework.beans.factory.support.AbstractAutowireCapableBeanFactory.createBean(AbstractAutowireCapableBeanFactory.java:525) ~[spring-beans-7.0.6.jar:7.0.6]
	at org.springframework.beans.factory.support.AbstractBeanFactory.lambda$doGetBean$0(AbstractBeanFactory.java:333) ~[spring-beans-7.0.6.jar:7.0.6]
	at org.springframework.beans.factory.support.DefaultSingletonBeanRegistry.getSingleton(DefaultSingletonBeanRegistry.java:371) ~[spring-beans-7.0.6.jar:7.0.6]
	at org.springframework.beans.factory.support.AbstractBeanFactory.doGetBean(AbstractBeanFactory.java:331) ~[spring-beans-7.0.6.jar:7.0.6]
	at org.springframework.beans.factory.support.AbstractBeanFactory.getBean(AbstractBeanFactory.java:196) ~[spring-beans-7.0.6.jar:7.0.6]
	at org.springframework.beans.factory.support.DefaultListableBeanFactory.instantiateSingleton(DefaultListableBeanFactory.java:1218) ~[spring-beans-7.0.6.jar:7.0.6]
	at org.springframework.beans.factory.support.DefaultListableBeanFactory.preInstantiateSingleton(DefaultListableBeanFactory.java:1184) ~[spring-beans-7.0.6.jar:7.0.6]
	at org.springframework.beans.factory.support.DefaultListableBeanFactory.preInstantiateSingletons(DefaultListableBeanFactory.java:1121) ~[spring-beans-7.0.6.jar:7.0.6]
	at org.springframework.context.support.AbstractApplicationContext.finishBeanFactoryInitialization(AbstractApplicationContext.java:994) ~[spring-context-7.0.6.jar:7.0.6]
	at org.springframework.context.support.AbstractApplicationContext.refresh(AbstractApplicationContext.java:621) ~[spring-context-7.0.6.jar:7.0.6]
	at org.springframework.boot.web.server.servlet.context.ServletWebServerApplicationContext.refresh(ServletWebServerApplicationContext.java:143) ~[spring-boot-web-server-4.0.4.jar:4.0.4]
	at org.springframework.boot.SpringApplication.refresh(SpringApplication.java:756) ~[spring-boot-4.0.4.jar:4.0.4]
	at org.springframework.boot.SpringApplication.refreshContext(SpringApplication.java:445) ~[spring-boot-4.0.4.jar:4.0.4]
	at org.springframework.boot.SpringApplication.run(SpringApplication.java:321) ~[spring-boot-4.0.4.jar:4.0.4]
	at org.springframework.boot.SpringApplication.run(SpringApplication.java:1365) ~[spring-boot-4.0.4.jar:4.0.4]
	at org.springframework.boot.SpringApplication.run(SpringApplication.java:1354) ~[spring-boot-4.0.4.jar:4.0.4]
	at com.example.demo.DemoApplication.main(DemoApplication.java:10) ~[classes/:na]
Caused by: org.springframework.jdbc.datasource.init.ScriptStatementFailedException: Failed to execute SQL script statement #4 of file [F:\Universidad\Docencia ICESI\Computación en Internet 2\2026 01\parcial-jpa-avion\target\classes\data.sql]: INSERT INTO flights (id, flight_number, departure_date, arrival_date, estimated_passengers, airplane_id, origin_airport_id, destination_airport_id) VALUES (1, 'AN101', '2026-03-01 07:00:00', '2026-03-01 13:00:00', 168, 1, 1, 2), (2, 'AN202', '2026-03-01 15:30:00', '2026-03-01 21:10:00', 160, 2, 2, 1), (3, 'PW303', '2026-03-10 09:10:00', '2026-03-10 15:20:00', 240, 3, 3, 1), (4, 'PW404', '2026-03-15 08:30:00', '2026-03-15 20:00:00', 250, 3, 1, 4), (5, 'AN505', '2026-03-18 06:40:00', '2026-03-18 11:10:00', 158, 1, 1, 3), (6, 'AN606', '2026-03-20 19:00:00', '2026-03-21 01:30:00', 172, 2, 4, 1), INSERT INTO tickets (id, passenger_full_name, booking_code, purchase_date, origin_airport_id, destination_airport_id) VALUES (1, 'Laura Gomez', 'TG001', '2026-02-20 11:00:00', 1, 4), (2, 'Carlos Ruiz', 'TG002', '2026-02-22 16:20:00', 3, 1), (3, 'Ana Torres', 'TG003', '2026-02-25 09:45:00', 2, 3)
	at org.springframework.jdbc.datasource.init.ScriptUtils.executeSqlScript(ScriptUtils.java:293) ~[spring-jdbc-7.0.6.jar:7.0.6]
	at org.springframework.jdbc.datasource.init.ResourceDatabasePopulator.populate(ResourceDatabasePopulator.java:254) ~[spring-jdbc-7.0.6.jar:7.0.6]
	at org.springframework.jdbc.datasource.init.DatabasePopulatorUtils.execute(DatabasePopulatorUtils.java:54) ~[spring-jdbc-7.0.6.jar:7.0.6]
	at org.springframework.boot.jdbc.init.DataSourceScriptDatabaseInitializer.runScripts(DataSourceScriptDatabaseInitializer.java:87) ~[spring-boot-jdbc-4.0.4.jar:4.0.4]
	at org.springframework.boot.sql.init.AbstractScriptDatabaseInitializer.runScripts(AbstractScriptDatabaseInitializer.java:159) ~[spring-boot-sql-4.0.4.jar:4.0.4]
	at org.springframework.boot.sql.init.AbstractScriptDatabaseInitializer.applyScripts(AbstractScriptDatabaseInitializer.java:120) ~[spring-boot-sql-4.0.4.jar:4.0.4]
	at org.springframework.boot.sql.init.AbstractScriptDatabaseInitializer.applyDataScripts(AbstractScriptDatabaseInitializer.java:113) ~[spring-boot-sql-4.0.4.jar:4.0.4]
	at org.springframework.boot.sql.init.AbstractScriptDatabaseInitializer.initializeDatabase(AbstractScriptDatabaseInitializer.java:88) ~[spring-boot-sql-4.0.4.jar:4.0.4]
	at org.springframework.boot.sql.init.AbstractScriptDatabaseInitializer.afterPropertiesSet(AbstractScriptDatabaseInitializer.java:77) ~[spring-boot-sql-4.0.4.jar:4.0.4]
	at org.springframework.beans.factory.support.AbstractAutowireCapableBeanFactory.invokeInitMethods(AbstractAutowireCapableBeanFactory.java:1864) ~[spring-beans-7.0.6.jar:7.0.6]
	at org.springframework.beans.factory.support.AbstractAutowireCapableBeanFactory.initializeBean(AbstractAutowireCapableBeanFactory.java:1813) ~[spring-beans-7.0.6.jar:7.0.6]
	... 18 common frames omitted
Caused by: org.h2.jdbc.JdbcSQLSyntaxErrorException: Error de Sintaxis en sentencia SQL "INSERT INTO flights (id, flight_number, departure_date, arrival_date, estimated_passengers, airplane_id, origin_airport_id, destination_airport_id) VALUES (1, 'AN101', '2026-03-01 07:00:00', '2026-03-01 13:00:00', 168, 1, 1, 2), (2, 'AN202', '2026-03-01 15:30:00', '2026-03-01 21:10:00', 160, 2, 2, 1), (3, 'PW303', '2026-03-10 09:10:00', '2026-03-10 15:20:00', 240, 3, 3, 1), (4, 'PW404', '2026-03-15 08:30:00', '2026-03-15 20:00:00', 250, 3, 1, 4), (5, 'AN505', '2026-03-18 06:40:00', '2026-03-18 11:10:00', 158, 1, 1, 3), (6, 'AN606', '2026-03-20 19:00:00', '2026-03-21 01:30:00', 172, 2, 4, 1), INSERT [*]INTO tickets (id, passenger_full_name, booking_code, purchase_date, origin_airport_id, destination_airport_id) VALUES (1, 'Laura Gomez', 'TG001', '2026-02-20 11:00:00', 1, 4), (2, 'Carlos Ruiz', 'TG002', '2026-02-22 16:20:00', 3, 1), (3, 'Ana Torres', 'TG003', '2026-02-25 09:45:00', 2, 3)"
Syntax error in SQL statement "INSERT INTO flights (id, flight_number, departure_date, arrival_date, estimated_passengers, airplane_id, origin_airport_id, destination_airport_id) VALUES (1, 'AN101', '2026-03-01 07:00:00', '2026-03-01 13:00:00', 168, 1, 1, 2), (2, 'AN202', '2026-03-01 15:30:00', '2026-03-01 21:10:00', 160, 2, 2, 1), (3, 'PW303', '2026-03-10 09:10:00', '2026-03-10 15:20:00', 240, 3, 3, 1), (4, 'PW404', '2026-03-15 08:30:00', '2026-03-15 20:00:00', 250, 3, 1, 4), (5, 'AN505', '2026-03-18 06:40:00', '2026-03-18 11:10:00', 158, 1, 1, 3), (6, 'AN606', '2026-03-20 19:00:00', '2026-03-21 01:30:00', 172, 2, 4, 1), INSERT [*]INTO tickets (id, passenger_full_name, booking_code, purchase_date, origin_airport_id, destination_airport_id) VALUES (1, 'Laura Gomez', 'TG001', '2026-02-20 11:00:00', 1, 4), (2, 'Carlos Ruiz', 'TG002', '2026-02-22 16:20:00', 3, 1), (3, 'Ana Torres', 'TG003', '2026-02-25 09:45:00', 2, 3)"; SQL statement:
INSERT INTO flights (id, flight_number, departure_date, arrival_date, estimated_passengers, airplane_id, origin_airport_id, destination_airport_id) VALUES (1, 'AN101', '2026-03-01 07:00:00', '2026-03-01 13:00:00', 168, 1, 1, 2), (2, 'AN202', '2026-03-01 15:30:00', '2026-03-01 21:10:00', 160, 2, 2, 1), (3, 'PW303', '2026-03-10 09:10:00', '2026-03-10 15:20:00', 240, 3, 3, 1), (4, 'PW404', '2026-03-15 08:30:00', '2026-03-15 20:00:00', 250, 3, 1, 4), (5, 'AN505', '2026-03-18 06:40:00', '2026-03-18 11:10:00', 158, 1, 1, 3), (6, 'AN606', '2026-03-20 19:00:00', '2026-03-21 01:30:00', 172, 2, 4, 1), INSERT INTO tickets (id, passenger_full_name, booking_code, purchase_date, origin_airport_id, destination_airport_id) VALUES (1, 'Laura Gomez', 'TG001', '2026-02-20 11:00:00', 1, 4), (2, 'Carlos Ruiz', 'TG002', '2026-02-22 16:20:00', 3, 1), (3, 'Ana Torres', 'TG003', '2026-02-25 09:45:00', 2, 3) [42000-240]
	at org.h2.message.DbException.getJdbcSQLException(DbException.java:514) ~[h2-2.4.240.jar:2.4.240]
	at org.h2.message.DbException.getJdbcSQLException(DbException.java:489) ~[h2-2.4.240.jar:2.4.240]
	at org.h2.message.DbException.get(DbException.java:223) ~[h2-2.4.240.jar:2.4.240]
	at org.h2.message.DbException.get(DbException.java:199) ~[h2-2.4.240.jar:2.4.240]
	at org.h2.message.DbException.getSyntaxError(DbException.java:247) ~[h2-2.4.240.jar:2.4.240]
	at org.h2.command.ParserBase.getSyntaxError(ParserBase.java:760) ~[h2-2.4.240.jar:2.4.240]
	at org.h2.command.Parser.prepareCommand(Parser.java:490) ~[h2-2.4.240.jar:2.4.240]
	at org.h2.engine.SessionLocal.prepareLocal(SessionLocal.java:647) ~[h2-2.4.240.jar:2.4.240]
	at org.h2.engine.SessionLocal.prepareCommand(SessionLocal.java:563) ~[h2-2.4.240.jar:2.4.240]
	at org.h2.jdbc.JdbcConnection.prepareCommand(JdbcConnection.java:1160) ~[h2-2.4.240.jar:2.4.240]
	at org.h2.jdbc.JdbcStatement.executeInternal(JdbcStatement.java:245) ~[h2-2.4.240.jar:2.4.240]
	at org.h2.jdbc.JdbcStatement.execute(JdbcStatement.java:231) ~[h2-2.4.240.jar:2.4.240]
	at com.zaxxer.hikari.pool.ProxyStatement.execute(ProxyStatement.java:95) ~[HikariCP-7.0.2.jar:na]
	at com.zaxxer.hikari.pool.HikariProxyStatement.execute(HikariProxyStatement.java) ~[HikariCP-7.0.2.jar:na]
	at org.springframework.jdbc.datasource.init.ScriptUtils.executeSqlScript(ScriptUtils.java:261) ~[spring-jdbc-7.0.6.jar:7.0.6]
	... 28 common frames omitted

2026-03-21 12:51:46.950  INFO 15536 --- [demo] [main] com.example.demo.DemoApplication         : Starting DemoApplication using Java 17.0.11 with PID 15536 (F:\Universidad\Docencia ICESI\Computación en Internet 2\2026 01\parcial-jpa-avion\target\classes started by Kelocoes in F:\Universidad\Docencia ICESI\Computación en Internet 2\2026 01\parcial-jpa-avion)
2026-03-21 12:51:46.952  INFO 15536 --- [demo] [main] com.example.demo.DemoApplication         : No active profile set, falling back to 1 default profile: "default"
2026-03-21 12:51:47.325  INFO 15536 --- [demo] [main] .s.d.r.c.RepositoryConfigurationDelegate : Bootstrapping Spring Data JPA repositories in DEFAULT mode.
2026-03-21 12:51:47.374  INFO 15536 --- [demo] [main] .s.d.r.c.RepositoryConfigurationDelegate : Finished Spring Data repository scanning in 41 ms. Found 6 JPA repository interfaces.
2026-03-21 12:51:47.699  INFO 15536 --- [demo] [main] o.s.boot.tomcat.TomcatWebServer          : Tomcat initialized with port 8081 (http)
2026-03-21 12:51:47.708  INFO 15536 --- [demo] [main] o.apache.catalina.core.StandardService   : Starting service [Tomcat]
2026-03-21 12:51:47.709  INFO 15536 --- [demo] [main] o.apache.catalina.core.StandardEngine    : Starting Servlet engine: [Apache Tomcat/11.0.18]
2026-03-21 12:51:47.778  INFO 15536 --- [demo] [main] b.w.c.s.WebApplicationContextInitializer : Root WebApplicationContext: initialization completed in 792 ms
2026-03-21 12:51:47.891  INFO 15536 --- [demo] [main] org.hibernate.orm.jpa                    : HHH008540: Processing PersistenceUnitInfo [name: default]
2026-03-21 12:51:47.934  INFO 15536 --- [demo] [main] org.hibernate.orm.core                   : HHH000001: Hibernate ORM core version 7.2.7.Final
2026-03-21 12:51:48.254  INFO 15536 --- [demo] [main] o.s.o.j.p.SpringPersistenceUnitInfo      : No LoadTimeWeaver setup: ignoring JPA class transformer
2026-03-21 12:51:48.280  INFO 15536 --- [demo] [main] com.zaxxer.hikari.HikariDataSource       : HikariPool-1 - Starting...
2026-03-21 12:51:48.404  INFO 15536 --- [demo] [main] com.zaxxer.hikari.pool.HikariPool        : HikariPool-1 - Added connection conn0: url=jdbc:h2:mem:db-test user=POSTGRES
2026-03-21 12:51:48.405  INFO 15536 --- [demo] [main] com.zaxxer.hikari.HikariDataSource       : HikariPool-1 - Start completed.
2026-03-21 12:51:48.447  INFO 15536 --- [demo] [main] org.hibernate.orm.connections.pooling    : HHH10001005: Database info:
	Database JDBC URL [jdbc:h2:mem:db-test]
	Database driver: H2 JDBC Driver
	Database dialect: H2Dialect
	Database version: 2.4.240
	Default catalog/schema: DB-TEST/PUBLIC
	Autocommit mode: undefined/unknown
	Isolation level: READ_COMMITTED [default READ_COMMITTED]
	JDBC fetch size: 100
	Pool: DataSourceConnectionProvider
	Minimum pool size: undefined/unknown
	Maximum pool size: undefined/unknown
2026-03-21 12:51:49.104  INFO 15536 --- [demo] [main] org.hibernate.orm.core                   : HHH000489: No JTA platform available (set 'hibernate.transaction.jta.platform' to enable JTA platform integration)
2026-03-21 12:51:49.151  INFO 15536 --- [demo] [main] j.LocalContainerEntityManagerFactoryBean : Initialized JPA EntityManagerFactory for persistence unit 'default'
2026-03-21 12:51:49.201  INFO 15536 --- [demo] [main] o.s.d.j.r.query.QueryEnhancerFactories   : Hibernate is in classpath; If applicable, HQL parser will be used.
2026-03-21 12:51:49.370  WARN 15536 --- [demo] [main] JpaBaseConfiguration$JpaWebConfiguration : spring.jpa.open-in-view is enabled by default. Therefore, database queries may be performed during view rendering. Explicitly configure spring.jpa.open-in-view to disable this warning
2026-03-21 12:51:49.545  INFO 15536 --- [demo] [main] o.s.b.h.a.H2ConsoleAutoConfiguration     : H2 console available at '/h2-console'. Database available at 'jdbc:h2:mem:db-test'
2026-03-21 12:51:49.601  INFO 15536 --- [demo] [main] o.s.boot.tomcat.TomcatWebServer          : Tomcat started on port 8081 (http) with context path '/compunet2-2026'
2026-03-21 12:51:49.606  INFO 15536 --- [demo] [main] com.example.demo.DemoApplication         : Started DemoApplication in 2.98 seconds (process running for 3.293)
2026-03-21 12:51:51.874  INFO 15536 --- [demo] [http-nio-8081-exec-1] o.a.c.c.C.[.[.[/compunet2-2026]          : Initializing Spring DispatcherServlet 'dispatcherServlet'
2026-03-21 12:51:51.874  INFO 15536 --- [demo] [http-nio-8081-exec-1] o.s.web.servlet.DispatcherServlet        : Initializing Servlet 'dispatcherServlet'
2026-03-21 12:51:51.876  INFO 15536 --- [demo] [http-nio-8081-exec-1] o.s.web.servlet.DispatcherServlet        : Completed initialization in 2 ms
2026-03-21 12:52:50.142  INFO 15536 --- [demo] [SpringApplicationShutdownHook] o.s.boot.tomcat.GracefulShutdown         : Commencing graceful shutdown. Waiting for active requests to complete
2026-03-21 12:52:50.229  INFO 15536 --- [demo] [tomcat-shutdown] o.s.boot.tomcat.GracefulShutdown         : Graceful shutdown complete
2026-03-21 12:52:50.231  INFO 15536 --- [demo] [SpringApplicationShutdownHook] j.LocalContainerEntityManagerFactoryBean : Closing JPA EntityManagerFactory for persistence unit 'default'
2026-03-21 12:52:50.236  INFO 15536 --- [demo] [SpringApplicationShutdownHook] com.zaxxer.hikari.HikariDataSource       : HikariPool-1 - Shutdown initiated...
2026-03-21 12:52:50.238  INFO 15536 --- [demo] [SpringApplicationShutdownHook] com.zaxxer.hikari.HikariDataSource       : HikariPool-1 - Shutdown completed.
2026-03-21 12:53:10.052  INFO 14844 --- [demo] [main] com.example.demo.DemoApplication         : Starting DemoApplication using Java 17.0.11 with PID 14844 (F:\Universidad\Docencia ICESI\Computación en Internet 2\2026 01\parcial-jpa-avion\target\classes started by Kelocoes in F:\Universidad\Docencia ICESI\Computación en Internet 2\2026 01\parcial-jpa-avion)
2026-03-21 12:53:10.055  INFO 14844 --- [demo] [main] com.example.demo.DemoApplication         : No active profile set, falling back to 1 default profile: "default"
2026-03-21 12:53:10.440  INFO 14844 --- [demo] [main] .s.d.r.c.RepositoryConfigurationDelegate : Bootstrapping Spring Data JPA repositories in DEFAULT mode.
2026-03-21 12:53:10.492  INFO 14844 --- [demo] [main] .s.d.r.c.RepositoryConfigurationDelegate : Finished Spring Data repository scanning in 45 ms. Found 6 JPA repository interfaces.
2026-03-21 12:53:10.820  INFO 14844 --- [demo] [main] o.s.boot.tomcat.TomcatWebServer          : Tomcat initialized with port 8081 (http)
2026-03-21 12:53:10.830  INFO 14844 --- [demo] [main] o.apache.catalina.core.StandardService   : Starting service [Tomcat]
2026-03-21 12:53:10.830  INFO 14844 --- [demo] [main] o.apache.catalina.core.StandardEngine    : Starting Servlet engine: [Apache Tomcat/11.0.18]
2026-03-21 12:53:10.882  INFO 14844 --- [demo] [main] b.w.c.s.WebApplicationContextInitializer : Root WebApplicationContext: initialization completed in 792 ms
2026-03-21 12:53:11.000  INFO 14844 --- [demo] [main] org.hibernate.orm.jpa                    : HHH008540: Processing PersistenceUnitInfo [name: default]
2026-03-21 12:53:11.040  INFO 14844 --- [demo] [main] org.hibernate.orm.core                   : HHH000001: Hibernate ORM core version 7.2.7.Final
2026-03-21 12:53:11.353  INFO 14844 --- [demo] [main] o.s.o.j.p.SpringPersistenceUnitInfo      : No LoadTimeWeaver setup: ignoring JPA class transformer
2026-03-21 12:53:11.380  INFO 14844 --- [demo] [main] com.zaxxer.hikari.HikariDataSource       : HikariPool-1 - Starting...
2026-03-21 12:53:11.506  INFO 14844 --- [demo] [main] com.zaxxer.hikari.pool.HikariPool        : HikariPool-1 - Added connection conn0: url=jdbc:h2:mem:db-test user=POSTGRES
2026-03-21 12:53:11.509  INFO 14844 --- [demo] [main] com.zaxxer.hikari.HikariDataSource       : HikariPool-1 - Start completed.
2026-03-21 12:53:11.553  INFO 14844 --- [demo] [main] org.hibernate.orm.connections.pooling    : HHH10001005: Database info:
	Database JDBC URL [jdbc:h2:mem:db-test]
	Database driver: H2 JDBC Driver
	Database dialect: H2Dialect
	Database version: 2.4.240
	Default catalog/schema: DB-TEST/PUBLIC
	Autocommit mode: undefined/unknown
	Isolation level: READ_COMMITTED [default READ_COMMITTED]
	JDBC fetch size: 100
	Pool: DataSourceConnectionProvider
	Minimum pool size: undefined/unknown
	Maximum pool size: undefined/unknown
2026-03-21 12:53:12.224  INFO 14844 --- [demo] [main] org.hibernate.orm.core                   : HHH000489: No JTA platform available (set 'hibernate.transaction.jta.platform' to enable JTA platform integration)
2026-03-21 12:53:12.272  INFO 14844 --- [demo] [main] j.LocalContainerEntityManagerFactoryBean : Initialized JPA EntityManagerFactory for persistence unit 'default'
2026-03-21 12:53:12.322  INFO 14844 --- [demo] [main] o.s.d.j.r.query.QueryEnhancerFactories   : Hibernate is in classpath; If applicable, HQL parser will be used.
2026-03-21 12:53:12.491  WARN 14844 --- [demo] [main] JpaBaseConfiguration$JpaWebConfiguration : spring.jpa.open-in-view is enabled by default. Therefore, database queries may be performed during view rendering. Explicitly configure spring.jpa.open-in-view to disable this warning
2026-03-21 12:53:12.671  INFO 14844 --- [demo] [main] o.s.b.h.a.H2ConsoleAutoConfiguration     : H2 console available at '/h2-console'. Database available at 'jdbc:h2:mem:db-test'
2026-03-21 12:53:12.725  INFO 14844 --- [demo] [main] o.s.boot.tomcat.TomcatWebServer          : Tomcat started on port 8081 (http) with context path '/compunet2-2026'
2026-03-21 12:53:12.730  INFO 14844 --- [demo] [main] com.example.demo.DemoApplication         : Started DemoApplication in 3.004 seconds (process running for 3.31)
2026-03-21 12:53:16.190  INFO 14844 --- [demo] [http-nio-8081-exec-1] o.a.c.c.C.[.[.[/compunet2-2026]          : Initializing Spring DispatcherServlet 'dispatcherServlet'
2026-03-21 12:53:16.191  INFO 14844 --- [demo] [http-nio-8081-exec-1] o.s.web.servlet.DispatcherServlet        : Initializing Servlet 'dispatcherServlet'
2026-03-21 12:53:16.192  INFO 14844 --- [demo] [http-nio-8081-exec-1] o.s.web.servlet.DispatcherServlet        : Completed initialization in 1 ms
2026-03-21 12:55:33.026  INFO 14844 --- [demo] [SpringApplicationShutdownHook] o.s.boot.tomcat.GracefulShutdown         : Commencing graceful shutdown. Waiting for active requests to complete
2026-03-21 12:55:33.112  INFO 14844 --- [demo] [tomcat-shutdown] o.s.boot.tomcat.GracefulShutdown         : Graceful shutdown complete
2026-03-21 12:55:33.114  INFO 14844 --- [demo] [SpringApplicationShutdownHook] j.LocalContainerEntityManagerFactoryBean : Closing JPA EntityManagerFactory for persistence unit 'default'
2026-03-21 12:55:33.118  INFO 14844 --- [demo] [SpringApplicationShutdownHook] com.zaxxer.hikari.HikariDataSource       : HikariPool-1 - Shutdown initiated...
2026-03-21 12:55:33.120  INFO 14844 --- [demo] [SpringApplicationShutdownHook] com.zaxxer.hikari.HikariDataSource       : HikariPool-1 - Shutdown completed.
2026-03-21 12:55:43.397  INFO 17932 --- [demo] [main] com.example.demo.DemoApplication         : Starting DemoApplication using Java 17.0.11 with PID 17932 (F:\Universidad\Docencia ICESI\Computación en Internet 2\2026 01\parcial-jpa-avion\target\classes started by Kelocoes in F:\Universidad\Docencia ICESI\Computación en Internet 2\2026 01\parcial-jpa-avion)
2026-03-21 12:55:43.400  INFO 17932 --- [demo] [main] com.example.demo.DemoApplication         : No active profile set, falling back to 1 default profile: "default"
2026-03-21 12:55:43.780  INFO 17932 --- [demo] [main] .s.d.r.c.RepositoryConfigurationDelegate : Bootstrapping Spring Data JPA repositories in DEFAULT mode.
2026-03-21 12:55:43.828  INFO 17932 --- [demo] [main] .s.d.r.c.RepositoryConfigurationDelegate : Finished Spring Data repository scanning in 41 ms. Found 6 JPA repository interfaces.
2026-03-21 12:55:44.155  INFO 17932 --- [demo] [main] o.s.boot.tomcat.TomcatWebServer          : Tomcat initialized with port 8081 (http)
2026-03-21 12:55:44.165  INFO 17932 --- [demo] [main] o.apache.catalina.core.StandardService   : Starting service [Tomcat]
2026-03-21 12:55:44.165  INFO 17932 --- [demo] [main] o.apache.catalina.core.StandardEngine    : Starting Servlet engine: [Apache Tomcat/11.0.18]
2026-03-21 12:55:44.217  INFO 17932 --- [demo] [main] b.w.c.s.WebApplicationContextInitializer : Root WebApplicationContext: initialization completed in 783 ms
2026-03-21 12:55:44.330  INFO 17932 --- [demo] [main] org.hibernate.orm.jpa                    : HHH008540: Processing PersistenceUnitInfo [name: default]
2026-03-21 12:55:44.373  INFO 17932 --- [demo] [main] org.hibernate.orm.core                   : HHH000001: Hibernate ORM core version 7.2.7.Final
2026-03-21 12:55:44.690  INFO 17932 --- [demo] [main] o.s.o.j.p.SpringPersistenceUnitInfo      : No LoadTimeWeaver setup: ignoring JPA class transformer
2026-03-21 12:55:44.717  INFO 17932 --- [demo] [main] com.zaxxer.hikari.HikariDataSource       : HikariPool-1 - Starting...
2026-03-21 12:55:44.848  INFO 17932 --- [demo] [main] com.zaxxer.hikari.pool.HikariPool        : HikariPool-1 - Added connection conn0: url=jdbc:h2:mem:db-test user=POSTGRES
2026-03-21 12:55:44.850  INFO 17932 --- [demo] [main] com.zaxxer.hikari.HikariDataSource       : HikariPool-1 - Start completed.
2026-03-21 12:55:44.902  INFO 17932 --- [demo] [main] org.hibernate.orm.connections.pooling    : HHH10001005: Database info:
	Database JDBC URL [jdbc:h2:mem:db-test]
	Database driver: H2 JDBC Driver
	Database dialect: H2Dialect
	Database version: 2.4.240
	Default catalog/schema: DB-TEST/PUBLIC
	Autocommit mode: undefined/unknown
	Isolation level: READ_COMMITTED [default READ_COMMITTED]
	JDBC fetch size: 100
	Pool: DataSourceConnectionProvider
	Minimum pool size: undefined/unknown
	Maximum pool size: undefined/unknown
2026-03-21 12:55:45.593  INFO 17932 --- [demo] [main] org.hibernate.orm.core                   : HHH000489: No JTA platform available (set 'hibernate.transaction.jta.platform' to enable JTA platform integration)
2026-03-21 12:55:45.639  INFO 17932 --- [demo] [main] j.LocalContainerEntityManagerFactoryBean : Initialized JPA EntityManagerFactory for persistence unit 'default'
2026-03-21 12:55:45.688  INFO 17932 --- [demo] [main] o.s.d.j.r.query.QueryEnhancerFactories   : Hibernate is in classpath; If applicable, HQL parser will be used.
2026-03-21 12:55:45.863  WARN 17932 --- [demo] [main] JpaBaseConfiguration$JpaWebConfiguration : spring.jpa.open-in-view is enabled by default. Therefore, database queries may be performed during view rendering. Explicitly configure spring.jpa.open-in-view to disable this warning
2026-03-21 12:55:46.049  INFO 17932 --- [demo] [main] o.s.b.h.a.H2ConsoleAutoConfiguration     : H2 console available at '/h2-console'. Database available at 'jdbc:h2:mem:db-test'
2026-03-21 12:55:46.108  INFO 17932 --- [demo] [main] o.s.boot.tomcat.TomcatWebServer          : Tomcat started on port 8081 (http) with context path '/compunet2-2026'
2026-03-21 12:55:46.113  INFO 17932 --- [demo] [main] com.example.demo.DemoApplication         : Started DemoApplication in 3.047 seconds (process running for 3.358)
2026-03-21 12:56:20.710  INFO 17932 --- [demo] [http-nio-8081-exec-1] o.a.c.c.C.[.[.[/compunet2-2026]          : Initializing Spring DispatcherServlet 'dispatcherServlet'
2026-03-21 12:56:20.711  INFO 17932 --- [demo] [http-nio-8081-exec-1] o.s.web.servlet.DispatcherServlet        : Initializing Servlet 'dispatcherServlet'
2026-03-21 12:56:20.712  INFO 17932 --- [demo] [http-nio-8081-exec-1] o.s.web.servlet.DispatcherServlet        : Completed initialization in 1 ms
2026-03-21 12:57:47.517  INFO 17932 --- [demo] [SpringApplicationShutdownHook] o.s.boot.tomcat.GracefulShutdown         : Commencing graceful shutdown. Waiting for active requests to complete
2026-03-21 12:57:47.602  INFO 17932 --- [demo] [tomcat-shutdown] o.s.boot.tomcat.GracefulShutdown         : Graceful shutdown complete
2026-03-21 12:57:47.605  INFO 17932 --- [demo] [SpringApplicationShutdownHook] j.LocalContainerEntityManagerFactoryBean : Closing JPA EntityManagerFactory for persistence unit 'default'
2026-03-21 12:57:47.610  INFO 17932 --- [demo] [SpringApplicationShutdownHook] com.zaxxer.hikari.HikariDataSource       : HikariPool-1 - Shutdown initiated...
2026-03-21 12:57:47.611  INFO 17932 --- [demo] [SpringApplicationShutdownHook] com.zaxxer.hikari.HikariDataSource       : HikariPool-1 - Shutdown completed.
2026-03-21 12:57:55.376  INFO 18260 --- [demo] [main] com.example.demo.DemoApplication         : Starting DemoApplication using Java 17.0.11 with PID 18260 (F:\Universidad\Docencia ICESI\Computación en Internet 2\2026 01\parcial-jpa-avion\target\classes started by Kelocoes in F:\Universidad\Docencia ICESI\Computación en Internet 2\2026 01\parcial-jpa-avion)
2026-03-21 12:57:55.381  INFO 18260 --- [demo] [main] com.example.demo.DemoApplication         : No active profile set, falling back to 1 default profile: "default"
2026-03-21 12:57:55.775  INFO 18260 --- [demo] [main] .s.d.r.c.RepositoryConfigurationDelegate : Bootstrapping Spring Data JPA repositories in DEFAULT mode.
2026-03-21 12:57:55.824  INFO 18260 --- [demo] [main] .s.d.r.c.RepositoryConfigurationDelegate : Finished Spring Data repository scanning in 42 ms. Found 6 JPA repository interfaces.
2026-03-21 12:57:56.158  INFO 18260 --- [demo] [main] o.s.boot.tomcat.TomcatWebServer          : Tomcat initialized with port 8081 (http)
2026-03-21 12:57:56.168  INFO 18260 --- [demo] [main] o.apache.catalina.core.StandardService   : Starting service [Tomcat]
2026-03-21 12:57:56.169  INFO 18260 --- [demo] [main] o.apache.catalina.core.StandardEngine    : Starting Servlet engine: [Apache Tomcat/11.0.18]
2026-03-21 12:57:56.221  INFO 18260 --- [demo] [main] b.w.c.s.WebApplicationContextInitializer : Root WebApplicationContext: initialization completed in 807 ms
2026-03-21 12:57:56.331  INFO 18260 --- [demo] [main] org.hibernate.orm.jpa                    : HHH008540: Processing PersistenceUnitInfo [name: default]
2026-03-21 12:57:56.374  INFO 18260 --- [demo] [main] org.hibernate.orm.core                   : HHH000001: Hibernate ORM core version 7.2.7.Final
2026-03-21 12:57:56.694  INFO 18260 --- [demo] [main] o.s.o.j.p.SpringPersistenceUnitInfo      : No LoadTimeWeaver setup: ignoring JPA class transformer
2026-03-21 12:57:56.720  INFO 18260 --- [demo] [main] com.zaxxer.hikari.HikariDataSource       : HikariPool-1 - Starting...
2026-03-21 12:57:56.845  INFO 18260 --- [demo] [main] com.zaxxer.hikari.pool.HikariPool        : HikariPool-1 - Added connection conn0: url=jdbc:h2:mem:db-test user=POSTGRES
2026-03-21 12:57:56.847  INFO 18260 --- [demo] [main] com.zaxxer.hikari.HikariDataSource       : HikariPool-1 - Start completed.
2026-03-21 12:57:56.892  INFO 18260 --- [demo] [main] org.hibernate.orm.connections.pooling    : HHH10001005: Database info:
	Database JDBC URL [jdbc:h2:mem:db-test]
	Database driver: H2 JDBC Driver
	Database dialect: H2Dialect
	Database version: 2.4.240
	Default catalog/schema: DB-TEST/PUBLIC
	Autocommit mode: undefined/unknown
	Isolation level: READ_COMMITTED [default READ_COMMITTED]
	JDBC fetch size: 100
	Pool: DataSourceConnectionProvider
	Minimum pool size: undefined/unknown
	Maximum pool size: undefined/unknown
2026-03-21 12:57:57.569  INFO 18260 --- [demo] [main] org.hibernate.orm.core                   : HHH000489: No JTA platform available (set 'hibernate.transaction.jta.platform' to enable JTA platform integration)
2026-03-21 12:57:57.623  INFO 18260 --- [demo] [main] j.LocalContainerEntityManagerFactoryBean : Initialized JPA EntityManagerFactory for persistence unit 'default'
2026-03-21 12:57:57.672  INFO 18260 --- [demo] [main] o.s.d.j.r.query.QueryEnhancerFactories   : Hibernate is in classpath; If applicable, HQL parser will be used.
2026-03-21 12:57:57.846  WARN 18260 --- [demo] [main] JpaBaseConfiguration$JpaWebConfiguration : spring.jpa.open-in-view is enabled by default. Therefore, database queries may be performed during view rendering. Explicitly configure spring.jpa.open-in-view to disable this warning
2026-03-21 12:57:58.028  INFO 18260 --- [demo] [main] o.s.b.h.a.H2ConsoleAutoConfiguration     : H2 console available at '/h2-console'. Database available at 'jdbc:h2:mem:db-test'
2026-03-21 12:57:58.042  WARN 18260 --- [demo] [main] ConfigServletWebServerApplicationContext : Exception encountered during context initialization - cancelling refresh attempt: org.springframework.beans.factory.BeanCreationException: Error creating bean with name 'dataSourceScriptDatabaseInitializer' defined in class path resource [org/springframework/boot/jdbc/autoconfigure/DataSourceInitializationAutoConfiguration.class]: Failed to execute SQL script statement #2 of file [F:\Universidad\Docencia ICESI\Computación en Internet 2\2026 01\parcial-jpa-avion\target\classes\data.sql]: (3, 'Global Air', 'Spain', 'GA')
2026-03-21 12:57:58.044  INFO 18260 --- [demo] [main] j.LocalContainerEntityManagerFactoryBean : Closing JPA EntityManagerFactory for persistence unit 'default'
2026-03-21 12:57:58.049  INFO 18260 --- [demo] [main] com.zaxxer.hikari.HikariDataSource       : HikariPool-1 - Shutdown initiated...
2026-03-21 12:57:58.050  INFO 18260 --- [demo] [main] com.zaxxer.hikari.HikariDataSource       : HikariPool-1 - Shutdown completed.
2026-03-21 12:57:58.053  INFO 18260 --- [demo] [main] o.apache.catalina.core.StandardService   : Stopping service [Tomcat]
2026-03-21 12:57:58.058  INFO 18260 --- [demo] [main] .s.b.a.l.ConditionEvaluationReportLogger : 

Error starting ApplicationContext. To display the condition evaluation report re-run your application with 'debug' enabled.
2026-03-21 12:57:58.068 ERROR 18260 --- [demo] [main] o.s.boot.SpringApplication               : Application run failed

org.springframework.beans.factory.BeanCreationException: Error creating bean with name 'dataSourceScriptDatabaseInitializer' defined in class path resource [org/springframework/boot/jdbc/autoconfigure/DataSourceInitializationAutoConfiguration.class]: Failed to execute SQL script statement #2 of file [F:\Universidad\Docencia ICESI\Computación en Internet 2\2026 01\parcial-jpa-avion\target\classes\data.sql]: (3, 'Global Air', 'Spain', 'GA')
	at org.springframework.beans.factory.support.AbstractAutowireCapableBeanFactory.initializeBean(AbstractAutowireCapableBeanFactory.java:1817) ~[spring-beans-7.0.6.jar:7.0.6]
	at org.springframework.beans.factory.support.AbstractAutowireCapableBeanFactory.doCreateBean(AbstractAutowireCapableBeanFactory.java:603) ~[spring-beans-7.0.6.jar:7.0.6]
	at org.springframework.beans.factory.support.AbstractAutowireCapableBeanFactory.createBean(AbstractAutowireCapableBeanFactory.java:525) ~[spring-beans-7.0.6.jar:7.0.6]
	at org.springframework.beans.factory.support.AbstractBeanFactory.lambda$doGetBean$0(AbstractBeanFactory.java:333) ~[spring-beans-7.0.6.jar:7.0.6]
	at org.springframework.beans.factory.support.DefaultSingletonBeanRegistry.getSingleton(DefaultSingletonBeanRegistry.java:371) ~[spring-beans-7.0.6.jar:7.0.6]
	at org.springframework.beans.factory.support.AbstractBeanFactory.doGetBean(AbstractBeanFactory.java:331) ~[spring-beans-7.0.6.jar:7.0.6]
	at org.springframework.beans.factory.support.AbstractBeanFactory.getBean(AbstractBeanFactory.java:196) ~[spring-beans-7.0.6.jar:7.0.6]
	at org.springframework.beans.factory.support.DefaultListableBeanFactory.instantiateSingleton(DefaultListableBeanFactory.java:1218) ~[spring-beans-7.0.6.jar:7.0.6]
	at org.springframework.beans.factory.support.DefaultListableBeanFactory.preInstantiateSingleton(DefaultListableBeanFactory.java:1184) ~[spring-beans-7.0.6.jar:7.0.6]
	at org.springframework.beans.factory.support.DefaultListableBeanFactory.preInstantiateSingletons(DefaultListableBeanFactory.java:1121) ~[spring-beans-7.0.6.jar:7.0.6]
	at org.springframework.context.support.AbstractApplicationContext.finishBeanFactoryInitialization(AbstractApplicationContext.java:994) ~[spring-context-7.0.6.jar:7.0.6]
	at org.springframework.context.support.AbstractApplicationContext.refresh(AbstractApplicationContext.java:621) ~[spring-context-7.0.6.jar:7.0.6]
	at org.springframework.boot.web.server.servlet.context.ServletWebServerApplicationContext.refresh(ServletWebServerApplicationContext.java:143) ~[spring-boot-web-server-4.0.4.jar:4.0.4]
	at org.springframework.boot.SpringApplication.refresh(SpringApplication.java:756) ~[spring-boot-4.0.4.jar:4.0.4]
	at org.springframework.boot.SpringApplication.refreshContext(SpringApplication.java:445) ~[spring-boot-4.0.4.jar:4.0.4]
	at org.springframework.boot.SpringApplication.run(SpringApplication.java:321) ~[spring-boot-4.0.4.jar:4.0.4]
	at org.springframework.boot.SpringApplication.run(SpringApplication.java:1365) ~[spring-boot-4.0.4.jar:4.0.4]
	at org.springframework.boot.SpringApplication.run(SpringApplication.java:1354) ~[spring-boot-4.0.4.jar:4.0.4]
	at com.example.demo.DemoApplication.main(DemoApplication.java:10) ~[classes/:na]
Caused by: org.springframework.jdbc.datasource.init.ScriptStatementFailedException: Failed to execute SQL script statement #2 of file [F:\Universidad\Docencia ICESI\Computación en Internet 2\2026 01\parcial-jpa-avion\target\classes\data.sql]: (3, 'Global Air', 'Spain', 'GA')
	at org.springframework.jdbc.datasource.init.ScriptUtils.executeSqlScript(ScriptUtils.java:293) ~[spring-jdbc-7.0.6.jar:7.0.6]
	at org.springframework.jdbc.datasource.init.ResourceDatabasePopulator.populate(ResourceDatabasePopulator.java:254) ~[spring-jdbc-7.0.6.jar:7.0.6]
	at org.springframework.jdbc.datasource.init.DatabasePopulatorUtils.execute(DatabasePopulatorUtils.java:54) ~[spring-jdbc-7.0.6.jar:7.0.6]
	at org.springframework.boot.jdbc.init.DataSourceScriptDatabaseInitializer.runScripts(DataSourceScriptDatabaseInitializer.java:87) ~[spring-boot-jdbc-4.0.4.jar:4.0.4]
	at org.springframework.boot.sql.init.AbstractScriptDatabaseInitializer.runScripts(AbstractScriptDatabaseInitializer.java:159) ~[spring-boot-sql-4.0.4.jar:4.0.4]
	at org.springframework.boot.sql.init.AbstractScriptDatabaseInitializer.applyScripts(AbstractScriptDatabaseInitializer.java:120) ~[spring-boot-sql-4.0.4.jar:4.0.4]
	at org.springframework.boot.sql.init.AbstractScriptDatabaseInitializer.applyDataScripts(AbstractScriptDatabaseInitializer.java:113) ~[spring-boot-sql-4.0.4.jar:4.0.4]
	at org.springframework.boot.sql.init.AbstractScriptDatabaseInitializer.initializeDatabase(AbstractScriptDatabaseInitializer.java:88) ~[spring-boot-sql-4.0.4.jar:4.0.4]
	at org.springframework.boot.sql.init.AbstractScriptDatabaseInitializer.afterPropertiesSet(AbstractScriptDatabaseInitializer.java:77) ~[spring-boot-sql-4.0.4.jar:4.0.4]
	at org.springframework.beans.factory.support.AbstractAutowireCapableBeanFactory.invokeInitMethods(AbstractAutowireCapableBeanFactory.java:1864) ~[spring-beans-7.0.6.jar:7.0.6]
	at org.springframework.beans.factory.support.AbstractAutowireCapableBeanFactory.initializeBean(AbstractAutowireCapableBeanFactory.java:1813) ~[spring-beans-7.0.6.jar:7.0.6]
	... 18 common frames omitted
Caused by: org.h2.jdbc.JdbcSQLSyntaxErrorException: Error de Sintaxis en sentencia SQL "([*]3, 'Global Air', 'Spain', 'GA')"; se esperaba "(, SELECT, TABLE, VALUES"
Syntax error in SQL statement "([*]3, 'Global Air', 'Spain', 'GA')"; expected "(, SELECT, TABLE, VALUES"; SQL statement:
(3, 'Global Air', 'Spain', 'GA') [42001-240]
	at org.h2.message.DbException.getJdbcSQLException(DbException.java:514) ~[h2-2.4.240.jar:2.4.240]
	at org.h2.message.DbException.getJdbcSQLException(DbException.java:489) ~[h2-2.4.240.jar:2.4.240]
	at org.h2.message.DbException.getSyntaxError(DbException.java:261) ~[h2-2.4.240.jar:2.4.240]
	at org.h2.command.ParserBase.getSyntaxError(ParserBase.java:762) ~[h2-2.4.240.jar:2.4.240]
	at org.h2.command.ParserBase.read(ParserBase.java:369) ~[h2-2.4.240.jar:2.4.240]
	at org.h2.command.Parser.parseQueryPrimary(Parser.java:2699) ~[h2-2.4.240.jar:2.4.240]
	at org.h2.command.Parser.parseQueryTerm(Parser.java:2550) ~[h2-2.4.240.jar:2.4.240]
	at org.h2.command.Parser.parseQueryExpressionBody(Parser.java:2529) ~[h2-2.4.240.jar:2.4.240]
	at org.h2.command.Parser.parseQueryExpressionBodyAndEndOfQuery(Parser.java:2522) ~[h2-2.4.240.jar:2.4.240]
	at org.h2.command.Parser.parseQueryPrimary(Parser.java:2688) ~[h2-2.4.240.jar:2.4.240]
	at org.h2.command.Parser.parseQueryTerm(Parser.java:2550) ~[h2-2.4.240.jar:2.4.240]
	at org.h2.command.Parser.parseQueryExpressionBody(Parser.java:2529) ~[h2-2.4.240.jar:2.4.240]
	at org.h2.command.Parser.parseQueryExpressionBodyAndEndOfQuery(Parser.java:2522) ~[h2-2.4.240.jar:2.4.240]
	at org.h2.command.Parser.parseQueryExpression(Parser.java:2515) ~[h2-2.4.240.jar:2.4.240]
	at org.h2.command.Parser.parseQuery(Parser.java:2482) ~[h2-2.4.240.jar:2.4.240]
	at org.h2.command.Parser.parsePrepared(Parser.java:613) ~[h2-2.4.240.jar:2.4.240]
	at org.h2.command.Parser.parse(Parser.java:584) ~[h2-2.4.240.jar:2.4.240]
	at org.h2.command.Parser.parse(Parser.java:564) ~[h2-2.4.240.jar:2.4.240]
	at org.h2.command.Parser.prepareCommand(Parser.java:487) ~[h2-2.4.240.jar:2.4.240]
	at org.h2.engine.SessionLocal.prepareLocal(SessionLocal.java:647) ~[h2-2.4.240.jar:2.4.240]
	at org.h2.engine.SessionLocal.prepareCommand(SessionLocal.java:563) ~[h2-2.4.240.jar:2.4.240]
	at org.h2.jdbc.JdbcConnection.prepareCommand(JdbcConnection.java:1160) ~[h2-2.4.240.jar:2.4.240]
	at org.h2.jdbc.JdbcStatement.executeInternal(JdbcStatement.java:245) ~[h2-2.4.240.jar:2.4.240]
	at org.h2.jdbc.JdbcStatement.execute(JdbcStatement.java:231) ~[h2-2.4.240.jar:2.4.240]
	at com.zaxxer.hikari.pool.ProxyStatement.execute(ProxyStatement.java:95) ~[HikariCP-7.0.2.jar:na]
	at com.zaxxer.hikari.pool.HikariProxyStatement.execute(HikariProxyStatement.java) ~[HikariCP-7.0.2.jar:na]
	at org.springframework.jdbc.datasource.init.ScriptUtils.executeSqlScript(ScriptUtils.java:261) ~[spring-jdbc-7.0.6.jar:7.0.6]
	... 28 common frames omitted

2026-03-21 12:58:26.632  INFO 6988 --- [demo] [main] com.example.demo.DemoApplication         : Starting DemoApplication using Java 17.0.11 with PID 6988 (F:\Universidad\Docencia ICESI\Computación en Internet 2\2026 01\parcial-jpa-avion\target\classes started by Kelocoes in F:\Universidad\Docencia ICESI\Computación en Internet 2\2026 01\parcial-jpa-avion)
2026-03-21 12:58:26.635  INFO 6988 --- [demo] [main] com.example.demo.DemoApplication         : No active profile set, falling back to 1 default profile: "default"
2026-03-21 12:58:27.012  INFO 6988 --- [demo] [main] .s.d.r.c.RepositoryConfigurationDelegate : Bootstrapping Spring Data JPA repositories in DEFAULT mode.
2026-03-21 12:58:27.061  INFO 6988 --- [demo] [main] .s.d.r.c.RepositoryConfigurationDelegate : Finished Spring Data repository scanning in 41 ms. Found 6 JPA repository interfaces.
2026-03-21 12:58:27.412  INFO 6988 --- [demo] [main] o.s.boot.tomcat.TomcatWebServer          : Tomcat initialized with port 8081 (http)
2026-03-21 12:58:27.422  INFO 6988 --- [demo] [main] o.apache.catalina.core.StandardService   : Starting service [Tomcat]
2026-03-21 12:58:27.422  INFO 6988 --- [demo] [main] o.apache.catalina.core.StandardEngine    : Starting Servlet engine: [Apache Tomcat/11.0.18]
2026-03-21 12:58:27.475  INFO 6988 --- [demo] [main] b.w.c.s.WebApplicationContextInitializer : Root WebApplicationContext: initialization completed in 807 ms
2026-03-21 12:58:27.591  INFO 6988 --- [demo] [main] org.hibernate.orm.jpa                    : HHH008540: Processing PersistenceUnitInfo [name: default]
2026-03-21 12:58:27.629  INFO 6988 --- [demo] [main] org.hibernate.orm.core                   : HHH000001: Hibernate ORM core version 7.2.7.Final
2026-03-21 12:58:27.943  INFO 6988 --- [demo] [main] o.s.o.j.p.SpringPersistenceUnitInfo      : No LoadTimeWeaver setup: ignoring JPA class transformer
2026-03-21 12:58:27.969  INFO 6988 --- [demo] [main] com.zaxxer.hikari.HikariDataSource       : HikariPool-1 - Starting...
2026-03-21 12:58:28.097  INFO 6988 --- [demo] [main] com.zaxxer.hikari.pool.HikariPool        : HikariPool-1 - Added connection conn0: url=jdbc:h2:mem:db-test user=POSTGRES
2026-03-21 12:58:28.099  INFO 6988 --- [demo] [main] com.zaxxer.hikari.HikariDataSource       : HikariPool-1 - Start completed.
2026-03-21 12:58:28.142  INFO 6988 --- [demo] [main] org.hibernate.orm.connections.pooling    : HHH10001005: Database info:
	Database JDBC URL [jdbc:h2:mem:db-test]
	Database driver: H2 JDBC Driver
	Database dialect: H2Dialect
	Database version: 2.4.240
	Default catalog/schema: DB-TEST/PUBLIC
	Autocommit mode: undefined/unknown
	Isolation level: READ_COMMITTED [default READ_COMMITTED]
	JDBC fetch size: 100
	Pool: DataSourceConnectionProvider
	Minimum pool size: undefined/unknown
	Maximum pool size: undefined/unknown
2026-03-21 12:58:28.814  INFO 6988 --- [demo] [main] org.hibernate.orm.core                   : HHH000489: No JTA platform available (set 'hibernate.transaction.jta.platform' to enable JTA platform integration)
2026-03-21 12:58:28.863  INFO 6988 --- [demo] [main] j.LocalContainerEntityManagerFactoryBean : Initialized JPA EntityManagerFactory for persistence unit 'default'
2026-03-21 12:58:28.914  INFO 6988 --- [demo] [main] o.s.d.j.r.query.QueryEnhancerFactories   : Hibernate is in classpath; If applicable, HQL parser will be used.
2026-03-21 12:58:29.088  WARN 6988 --- [demo] [main] JpaBaseConfiguration$JpaWebConfiguration : spring.jpa.open-in-view is enabled by default. Therefore, database queries may be performed during view rendering. Explicitly configure spring.jpa.open-in-view to disable this warning
2026-03-21 12:58:29.267  INFO 6988 --- [demo] [main] o.s.b.h.a.H2ConsoleAutoConfiguration     : H2 console available at '/h2-console'. Database available at 'jdbc:h2:mem:db-test'
2026-03-21 12:58:29.280  WARN 6988 --- [demo] [main] ConfigServletWebServerApplicationContext : Exception encountered during context initialization - cancelling refresh attempt: org.springframework.beans.factory.BeanCreationException: Error creating bean with name 'dataSourceScriptDatabaseInitializer' defined in class path resource [org/springframework/boot/jdbc/autoconfigure/DataSourceInitializationAutoConfiguration.class]: Failed to execute SQL script statement #4 of file [F:\Universidad\Docencia ICESI\Computación en Internet 2\2026 01\parcial-jpa-avion\target\classes\data.sql]: (4, 'Airbus A350-900', 'N-9002', 320, 3)
2026-03-21 12:58:29.281  INFO 6988 --- [demo] [main] j.LocalContainerEntityManagerFactoryBean : Closing JPA EntityManagerFactory for persistence unit 'default'
2026-03-21 12:58:29.287  INFO 6988 --- [demo] [main] com.zaxxer.hikari.HikariDataSource       : HikariPool-1 - Shutdown initiated...
2026-03-21 12:58:29.288  INFO 6988 --- [demo] [main] com.zaxxer.hikari.HikariDataSource       : HikariPool-1 - Shutdown completed.
2026-03-21 12:58:29.289  INFO 6988 --- [demo] [main] o.apache.catalina.core.StandardService   : Stopping service [Tomcat]
2026-03-21 12:58:29.296  INFO 6988 --- [demo] [main] .s.b.a.l.ConditionEvaluationReportLogger : 

Error starting ApplicationContext. To display the condition evaluation report re-run your application with 'debug' enabled.
2026-03-21 12:58:29.305 ERROR 6988 --- [demo] [main] o.s.boot.SpringApplication               : Application run failed

org.springframework.beans.factory.BeanCreationException: Error creating bean with name 'dataSourceScriptDatabaseInitializer' defined in class path resource [org/springframework/boot/jdbc/autoconfigure/DataSourceInitializationAutoConfiguration.class]: Failed to execute SQL script statement #4 of file [F:\Universidad\Docencia ICESI\Computación en Internet 2\2026 01\parcial-jpa-avion\target\classes\data.sql]: (4, 'Airbus A350-900', 'N-9002', 320, 3)
	at org.springframework.beans.factory.support.AbstractAutowireCapableBeanFactory.initializeBean(AbstractAutowireCapableBeanFactory.java:1817) ~[spring-beans-7.0.6.jar:7.0.6]
	at org.springframework.beans.factory.support.AbstractAutowireCapableBeanFactory.doCreateBean(AbstractAutowireCapableBeanFactory.java:603) ~[spring-beans-7.0.6.jar:7.0.6]
	at org.springframework.beans.factory.support.AbstractAutowireCapableBeanFactory.createBean(AbstractAutowireCapableBeanFactory.java:525) ~[spring-beans-7.0.6.jar:7.0.6]
	at org.springframework.beans.factory.support.AbstractBeanFactory.lambda$doGetBean$0(AbstractBeanFactory.java:333) ~[spring-beans-7.0.6.jar:7.0.6]
	at org.springframework.beans.factory.support.DefaultSingletonBeanRegistry.getSingleton(DefaultSingletonBeanRegistry.java:371) ~[spring-beans-7.0.6.jar:7.0.6]
	at org.springframework.beans.factory.support.AbstractBeanFactory.doGetBean(AbstractBeanFactory.java:331) ~[spring-beans-7.0.6.jar:7.0.6]
	at org.springframework.beans.factory.support.AbstractBeanFactory.getBean(AbstractBeanFactory.java:196) ~[spring-beans-7.0.6.jar:7.0.6]
	at org.springframework.beans.factory.support.DefaultListableBeanFactory.instantiateSingleton(DefaultListableBeanFactory.java:1218) ~[spring-beans-7.0.6.jar:7.0.6]
	at org.springframework.beans.factory.support.DefaultListableBeanFactory.preInstantiateSingleton(DefaultListableBeanFactory.java:1184) ~[spring-beans-7.0.6.jar:7.0.6]
	at org.springframework.beans.factory.support.DefaultListableBeanFactory.preInstantiateSingletons(DefaultListableBeanFactory.java:1121) ~[spring-beans-7.0.6.jar:7.0.6]
	at org.springframework.context.support.AbstractApplicationContext.finishBeanFactoryInitialization(AbstractApplicationContext.java:994) ~[spring-context-7.0.6.jar:7.0.6]
	at org.springframework.context.support.AbstractApplicationContext.refresh(AbstractApplicationContext.java:621) ~[spring-context-7.0.6.jar:7.0.6]
	at org.springframework.boot.web.server.servlet.context.ServletWebServerApplicationContext.refresh(ServletWebServerApplicationContext.java:143) ~[spring-boot-web-server-4.0.4.jar:4.0.4]
	at org.springframework.boot.SpringApplication.refresh(SpringApplication.java:756) ~[spring-boot-4.0.4.jar:4.0.4]
	at org.springframework.boot.SpringApplication.refreshContext(SpringApplication.java:445) ~[spring-boot-4.0.4.jar:4.0.4]
	at org.springframework.boot.SpringApplication.run(SpringApplication.java:321) ~[spring-boot-4.0.4.jar:4.0.4]
	at org.springframework.boot.SpringApplication.run(SpringApplication.java:1365) ~[spring-boot-4.0.4.jar:4.0.4]
	at org.springframework.boot.SpringApplication.run(SpringApplication.java:1354) ~[spring-boot-4.0.4.jar:4.0.4]
	at com.example.demo.DemoApplication.main(DemoApplication.java:10) ~[classes/:na]
Caused by: org.springframework.jdbc.datasource.init.ScriptStatementFailedException: Failed to execute SQL script statement #4 of file [F:\Universidad\Docencia ICESI\Computación en Internet 2\2026 01\parcial-jpa-avion\target\classes\data.sql]: (4, 'Airbus A350-900', 'N-9002', 320, 3)
	at org.springframework.jdbc.datasource.init.ScriptUtils.executeSqlScript(ScriptUtils.java:293) ~[spring-jdbc-7.0.6.jar:7.0.6]
	at org.springframework.jdbc.datasource.init.ResourceDatabasePopulator.populate(ResourceDatabasePopulator.java:254) ~[spring-jdbc-7.0.6.jar:7.0.6]
	at org.springframework.jdbc.datasource.init.DatabasePopulatorUtils.execute(DatabasePopulatorUtils.java:54) ~[spring-jdbc-7.0.6.jar:7.0.6]
	at org.springframework.boot.jdbc.init.DataSourceScriptDatabaseInitializer.runScripts(DataSourceScriptDatabaseInitializer.java:87) ~[spring-boot-jdbc-4.0.4.jar:4.0.4]
	at org.springframework.boot.sql.init.AbstractScriptDatabaseInitializer.runScripts(AbstractScriptDatabaseInitializer.java:159) ~[spring-boot-sql-4.0.4.jar:4.0.4]
	at org.springframework.boot.sql.init.AbstractScriptDatabaseInitializer.applyScripts(AbstractScriptDatabaseInitializer.java:120) ~[spring-boot-sql-4.0.4.jar:4.0.4]
	at org.springframework.boot.sql.init.AbstractScriptDatabaseInitializer.applyDataScripts(AbstractScriptDatabaseInitializer.java:113) ~[spring-boot-sql-4.0.4.jar:4.0.4]
	at org.springframework.boot.sql.init.AbstractScriptDatabaseInitializer.initializeDatabase(AbstractScriptDatabaseInitializer.java:88) ~[spring-boot-sql-4.0.4.jar:4.0.4]
	at org.springframework.boot.sql.init.AbstractScriptDatabaseInitializer.afterPropertiesSet(AbstractScriptDatabaseInitializer.java:77) ~[spring-boot-sql-4.0.4.jar:4.0.4]
	at org.springframework.beans.factory.support.AbstractAutowireCapableBeanFactory.invokeInitMethods(AbstractAutowireCapableBeanFactory.java:1864) ~[spring-beans-7.0.6.jar:7.0.6]
	at org.springframework.beans.factory.support.AbstractAutowireCapableBeanFactory.initializeBean(AbstractAutowireCapableBeanFactory.java:1813) ~[spring-beans-7.0.6.jar:7.0.6]
	... 18 common frames omitted
Caused by: org.h2.jdbc.JdbcSQLSyntaxErrorException: Error de Sintaxis en sentencia SQL "([*]4, 'Airbus A350-900', 'N-9002', 320, 3)"; se esperaba "(, SELECT, TABLE, VALUES"
Syntax error in SQL statement "([*]4, 'Airbus A350-900', 'N-9002', 320, 3)"; expected "(, SELECT, TABLE, VALUES"; SQL statement:
(4, 'Airbus A350-900', 'N-9002', 320, 3) [42001-240]
	at org.h2.message.DbException.getJdbcSQLException(DbException.java:514) ~[h2-2.4.240.jar:2.4.240]
	at org.h2.message.DbException.getJdbcSQLException(DbException.java:489) ~[h2-2.4.240.jar:2.4.240]
	at org.h2.message.DbException.getSyntaxError(DbException.java:261) ~[h2-2.4.240.jar:2.4.240]
	at org.h2.command.ParserBase.getSyntaxError(ParserBase.java:762) ~[h2-2.4.240.jar:2.4.240]
	at org.h2.command.ParserBase.read(ParserBase.java:369) ~[h2-2.4.240.jar:2.4.240]
	at org.h2.command.Parser.parseQueryPrimary(Parser.java:2699) ~[h2-2.4.240.jar:2.4.240]
	at org.h2.command.Parser.parseQueryTerm(Parser.java:2550) ~[h2-2.4.240.jar:2.4.240]
	at org.h2.command.Parser.parseQueryExpressionBody(Parser.java:2529) ~[h2-2.4.240.jar:2.4.240]
	at org.h2.command.Parser.parseQueryExpressionBodyAndEndOfQuery(Parser.java:2522) ~[h2-2.4.240.jar:2.4.240]
	at org.h2.command.Parser.parseQueryPrimary(Parser.java:2688) ~[h2-2.4.240.jar:2.4.240]
	at org.h2.command.Parser.parseQueryTerm(Parser.java:2550) ~[h2-2.4.240.jar:2.4.240]
	at org.h2.command.Parser.parseQueryExpressionBody(Parser.java:2529) ~[h2-2.4.240.jar:2.4.240]
	at org.h2.command.Parser.parseQueryExpressionBodyAndEndOfQuery(Parser.java:2522) ~[h2-2.4.240.jar:2.4.240]
	at org.h2.command.Parser.parseQueryExpression(Parser.java:2515) ~[h2-2.4.240.jar:2.4.240]
	at org.h2.command.Parser.parseQuery(Parser.java:2482) ~[h2-2.4.240.jar:2.4.240]
	at org.h2.command.Parser.parsePrepared(Parser.java:613) ~[h2-2.4.240.jar:2.4.240]
	at org.h2.command.Parser.parse(Parser.java:584) ~[h2-2.4.240.jar:2.4.240]
	at org.h2.command.Parser.parse(Parser.java:564) ~[h2-2.4.240.jar:2.4.240]
	at org.h2.command.Parser.prepareCommand(Parser.java:487) ~[h2-2.4.240.jar:2.4.240]
	at org.h2.engine.SessionLocal.prepareLocal(SessionLocal.java:647) ~[h2-2.4.240.jar:2.4.240]
	at org.h2.engine.SessionLocal.prepareCommand(SessionLocal.java:563) ~[h2-2.4.240.jar:2.4.240]
	at org.h2.jdbc.JdbcConnection.prepareCommand(JdbcConnection.java:1160) ~[h2-2.4.240.jar:2.4.240]
	at org.h2.jdbc.JdbcStatement.executeInternal(JdbcStatement.java:245) ~[h2-2.4.240.jar:2.4.240]
	at org.h2.jdbc.JdbcStatement.execute(JdbcStatement.java:231) ~[h2-2.4.240.jar:2.4.240]
	at com.zaxxer.hikari.pool.ProxyStatement.execute(ProxyStatement.java:95) ~[HikariCP-7.0.2.jar:na]
	at com.zaxxer.hikari.pool.HikariProxyStatement.execute(HikariProxyStatement.java) ~[HikariCP-7.0.2.jar:na]
	at org.springframework.jdbc.datasource.init.ScriptUtils.executeSqlScript(ScriptUtils.java:261) ~[spring-jdbc-7.0.6.jar:7.0.6]
	... 28 common frames omitted

2026-03-21 12:58:38.002  INFO 21372 --- [demo] [main] com.example.demo.DemoApplication         : Starting DemoApplication using Java 17.0.11 with PID 21372 (F:\Universidad\Docencia ICESI\Computación en Internet 2\2026 01\parcial-jpa-avion\target\classes started by Kelocoes in F:\Universidad\Docencia ICESI\Computación en Internet 2\2026 01\parcial-jpa-avion)
2026-03-21 12:58:38.005  INFO 21372 --- [demo] [main] com.example.demo.DemoApplication         : No active profile set, falling back to 1 default profile: "default"
2026-03-21 12:58:38.395  INFO 21372 --- [demo] [main] .s.d.r.c.RepositoryConfigurationDelegate : Bootstrapping Spring Data JPA repositories in DEFAULT mode.
2026-03-21 12:58:38.443  INFO 21372 --- [demo] [main] .s.d.r.c.RepositoryConfigurationDelegate : Finished Spring Data repository scanning in 41 ms. Found 6 JPA repository interfaces.
2026-03-21 12:58:38.779  INFO 21372 --- [demo] [main] o.s.boot.tomcat.TomcatWebServer          : Tomcat initialized with port 8081 (http)
2026-03-21 12:58:38.841  INFO 21372 --- [demo] [main] b.w.c.s.WebApplicationContextInitializer : Root WebApplicationContext: initialization completed in 803 ms
2026-03-21 12:58:38.961  INFO 21372 --- [demo] [main] org.hibernate.orm.jpa                    : HHH008540: Processing PersistenceUnitInfo [name: default]
2026-03-21 12:58:38.999  INFO 21372 --- [demo] [main] org.hibernate.orm.core                   : HHH000001: Hibernate ORM core version 7.2.7.Final
2026-03-21 12:58:39.319  INFO 21372 --- [demo] [main] o.s.o.j.p.SpringPersistenceUnitInfo      : No LoadTimeWeaver setup: ignoring JPA class transformer
2026-03-21 12:58:39.347  INFO 21372 --- [demo] [main] com.zaxxer.hikari.HikariDataSource       : HikariPool-1 - Starting...
2026-03-21 12:58:39.473  INFO 21372 --- [demo] [main] com.zaxxer.hikari.pool.HikariPool        : HikariPool-1 - Added connection conn0: url=jdbc:h2:mem:db-test user=POSTGRES
2026-03-21 12:58:39.475  INFO 21372 --- [demo] [main] com.zaxxer.hikari.HikariDataSource       : HikariPool-1 - Start completed.
2026-03-21 12:58:39.519  INFO 21372 --- [demo] [main] org.hibernate.orm.connections.pooling    : HHH10001005: Database info:
	Database JDBC URL [jdbc:h2:mem:db-test]
	Database driver: H2 JDBC Driver
	Database dialect: H2Dialect
	Database version: 2.4.240
	Default catalog/schema: DB-TEST/PUBLIC
	Autocommit mode: undefined/unknown
	Isolation level: READ_COMMITTED [default READ_COMMITTED]
	JDBC fetch size: 100
	Pool: DataSourceConnectionProvider
	Minimum pool size: undefined/unknown
	Maximum pool size: undefined/unknown
2026-03-21 12:58:40.189  INFO 21372 --- [demo] [main] org.hibernate.orm.core                   : HHH000489: No JTA platform available (set 'hibernate.transaction.jta.platform' to enable JTA platform integration)
2026-03-21 12:58:40.237  INFO 21372 --- [demo] [main] j.LocalContainerEntityManagerFactoryBean : Initialized JPA EntityManagerFactory for persistence unit 'default'
2026-03-21 12:58:40.288  INFO 21372 --- [demo] [main] o.s.d.j.r.query.QueryEnhancerFactories   : Hibernate is in classpath; If applicable, HQL parser will be used.
2026-03-21 12:58:40.458  WARN 21372 --- [demo] [main] JpaBaseConfiguration$JpaWebConfiguration : spring.jpa.open-in-view is enabled by default. Therefore, database queries may be performed during view rendering. Explicitly configure spring.jpa.open-in-view to disable this warning
2026-03-21 12:58:40.635  INFO 21372 --- [demo] [main] o.s.b.h.a.H2ConsoleAutoConfiguration     : H2 console available at '/h2-console'. Database available at 'jdbc:h2:mem:db-test'
2026-03-21 12:58:40.697  INFO 21372 --- [demo] [main] o.s.boot.tomcat.TomcatWebServer          : Tomcat started on port 8081 (http) with context path '/compunet2-2026'
2026-03-21 12:58:40.703  INFO 21372 --- [demo] [main] com.example.demo.DemoApplication         : Started DemoApplication in 3.058 seconds (process running for 3.376)
2026-03-21 12:58:40.705  INFO 21372 --- [demo] [SpringApplicationShutdownHook] o.s.boot.tomcat.GracefulShutdown         : Commencing graceful shutdown. Waiting for active requests to complete
2026-03-21 12:58:40.787  INFO 21372 --- [demo] [tomcat-shutdown] o.s.boot.tomcat.GracefulShutdown         : Graceful shutdown complete
2026-03-21 12:58:40.791  INFO 21372 --- [demo] [SpringApplicationShutdownHook] j.LocalContainerEntityManagerFactoryBean : Closing JPA EntityManagerFactory for persistence unit 'default'
2026-03-21 12:58:40.795  INFO 21372 --- [demo] [SpringApplicationShutdownHook] com.zaxxer.hikari.HikariDataSource       : HikariPool-1 - Shutdown initiated...
2026-03-21 12:58:40.796  INFO 21372 --- [demo] [SpringApplicationShutdownHook] com.zaxxer.hikari.HikariDataSource       : HikariPool-1 - Shutdown completed.
2026-03-21 12:58:48.993  INFO 17152 --- [demo] [main] com.example.demo.DemoApplication         : Starting DemoApplication using Java 17.0.11 with PID 17152 (F:\Universidad\Docencia ICESI\Computación en Internet 2\2026 01\parcial-jpa-avion\target\classes started by Kelocoes in F:\Universidad\Docencia ICESI\Computación en Internet 2\2026 01\parcial-jpa-avion)
2026-03-21 12:58:48.996  INFO 17152 --- [demo] [main] com.example.demo.DemoApplication         : No active profile set, falling back to 1 default profile: "default"
2026-03-21 12:58:49.407  INFO 17152 --- [demo] [main] .s.d.r.c.RepositoryConfigurationDelegate : Bootstrapping Spring Data JPA repositories in DEFAULT mode.
2026-03-21 12:58:49.456  INFO 17152 --- [demo] [main] .s.d.r.c.RepositoryConfigurationDelegate : Finished Spring Data repository scanning in 42 ms. Found 6 JPA repository interfaces.
2026-03-21 12:58:49.788  INFO 17152 --- [demo] [main] o.s.boot.tomcat.TomcatWebServer          : Tomcat initialized with port 8081 (http)
2026-03-21 12:58:49.798  INFO 17152 --- [demo] [main] o.apache.catalina.core.StandardService   : Starting service [Tomcat]
2026-03-21 12:58:49.798  INFO 17152 --- [demo] [main] o.apache.catalina.core.StandardEngine    : Starting Servlet engine: [Apache Tomcat/11.0.18]
2026-03-21 12:58:49.852  INFO 17152 --- [demo] [main] b.w.c.s.WebApplicationContextInitializer : Root WebApplicationContext: initialization completed in 822 ms
2026-03-21 12:58:49.961  INFO 17152 --- [demo] [main] org.hibernate.orm.jpa                    : HHH008540: Processing PersistenceUnitInfo [name: default]
2026-03-21 12:58:50.005  INFO 17152 --- [demo] [main] org.hibernate.orm.core                   : HHH000001: Hibernate ORM core version 7.2.7.Final
2026-03-21 12:58:50.323  INFO 17152 --- [demo] [main] o.s.o.j.p.SpringPersistenceUnitInfo      : No LoadTimeWeaver setup: ignoring JPA class transformer
2026-03-21 12:58:50.349  INFO 17152 --- [demo] [main] com.zaxxer.hikari.HikariDataSource       : HikariPool-1 - Starting...
2026-03-21 12:58:50.476  INFO 17152 --- [demo] [main] com.zaxxer.hikari.pool.HikariPool        : HikariPool-1 - Added connection conn0: url=jdbc:h2:mem:db-test user=POSTGRES
2026-03-21 12:58:50.477  INFO 17152 --- [demo] [main] com.zaxxer.hikari.HikariDataSource       : HikariPool-1 - Start completed.
2026-03-21 12:58:50.520  INFO 17152 --- [demo] [main] org.hibernate.orm.connections.pooling    : HHH10001005: Database info:
	Database JDBC URL [jdbc:h2:mem:db-test]
	Database driver: H2 JDBC Driver
	Database dialect: H2Dialect
	Database version: 2.4.240
	Default catalog/schema: DB-TEST/PUBLIC
	Autocommit mode: undefined/unknown
	Isolation level: READ_COMMITTED [default READ_COMMITTED]
	JDBC fetch size: 100
	Pool: DataSourceConnectionProvider
	Minimum pool size: undefined/unknown
	Maximum pool size: undefined/unknown
2026-03-21 12:58:51.176  INFO 17152 --- [demo] [main] org.hibernate.orm.core                   : HHH000489: No JTA platform available (set 'hibernate.transaction.jta.platform' to enable JTA platform integration)
2026-03-21 12:58:51.225  INFO 17152 --- [demo] [main] j.LocalContainerEntityManagerFactoryBean : Initialized JPA EntityManagerFactory for persistence unit 'default'
2026-03-21 12:58:51.275  INFO 17152 --- [demo] [main] o.s.d.j.r.query.QueryEnhancerFactories   : Hibernate is in classpath; If applicable, HQL parser will be used.
2026-03-21 12:58:51.444  WARN 17152 --- [demo] [main] JpaBaseConfiguration$JpaWebConfiguration : spring.jpa.open-in-view is enabled by default. Therefore, database queries may be performed during view rendering. Explicitly configure spring.jpa.open-in-view to disable this warning
2026-03-21 12:58:51.624  INFO 17152 --- [demo] [main] o.s.b.h.a.H2ConsoleAutoConfiguration     : H2 console available at '/h2-console'. Database available at 'jdbc:h2:mem:db-test'
2026-03-21 12:58:51.678  INFO 17152 --- [demo] [main] o.s.boot.tomcat.TomcatWebServer          : Tomcat started on port 8081 (http) with context path '/compunet2-2026'
2026-03-21 12:58:51.682  INFO 17152 --- [demo] [main] com.example.demo.DemoApplication         : Started DemoApplication in 3.018 seconds (process running for 3.324)
2026-03-21 12:58:53.353  INFO 17152 --- [demo] [http-nio-8081-exec-1] o.a.c.c.C.[.[.[/compunet2-2026]          : Initializing Spring DispatcherServlet 'dispatcherServlet'
2026-03-21 12:58:53.353  INFO 17152 --- [demo] [http-nio-8081-exec-1] o.s.web.servlet.DispatcherServlet        : Initializing Servlet 'dispatcherServlet'
2026-03-21 12:58:53.354  INFO 17152 --- [demo] [http-nio-8081-exec-1] o.s.web.servlet.DispatcherServlet        : Completed initialization in 1 ms
2026-03-21 12:59:01.952  INFO 17152 --- [demo] [SpringApplicationShutdownHook] o.s.boot.tomcat.GracefulShutdown         : Commencing graceful shutdown. Waiting for active requests to complete
2026-03-21 12:59:02.041  INFO 17152 --- [demo] [tomcat-shutdown] o.s.boot.tomcat.GracefulShutdown         : Graceful shutdown complete
2026-03-21 12:59:02.044  INFO 17152 --- [demo] [SpringApplicationShutdownHook] j.LocalContainerEntityManagerFactoryBean : Closing JPA EntityManagerFactory for persistence unit 'default'
2026-03-21 12:59:02.048  INFO 17152 --- [demo] [SpringApplicationShutdownHook] com.zaxxer.hikari.HikariDataSource       : HikariPool-1 - Shutdown initiated...
2026-03-21 12:59:02.050  INFO 17152 --- [demo] [SpringApplicationShutdownHook] com.zaxxer.hikari.HikariDataSource       : HikariPool-1 - Shutdown completed.
2026-03-21 13:04:08.298  INFO 3220 --- [demo] [main] com.example.demo.DemoApplication         : Starting DemoApplication using Java 17.0.11 with PID 3220 (F:\Universidad\Docencia ICESI\Computación en Internet 2\2026 01\parcial-jpa-avion\target\classes started by Kelocoes in F:\Universidad\Docencia ICESI\Computación en Internet 2\2026 01\parcial-jpa-avion)
2026-03-21 13:04:08.301  INFO 3220 --- [demo] [main] com.example.demo.DemoApplication         : No active profile set, falling back to 1 default profile: "default"
2026-03-21 13:04:08.726  INFO 3220 --- [demo] [main] .s.d.r.c.RepositoryConfigurationDelegate : Bootstrapping Spring Data JPA repositories in DEFAULT mode.
2026-03-21 13:04:08.778  INFO 3220 --- [demo] [main] .s.d.r.c.RepositoryConfigurationDelegate : Finished Spring Data repository scanning in 44 ms. Found 6 JPA repository interfaces.
2026-03-21 13:04:09.121  INFO 3220 --- [demo] [main] o.s.boot.tomcat.TomcatWebServer          : Tomcat initialized with port 8081 (http)
2026-03-21 13:04:09.131  INFO 3220 --- [demo] [main] o.apache.catalina.core.StandardService   : Starting service [Tomcat]
2026-03-21 13:04:09.132  INFO 3220 --- [demo] [main] o.apache.catalina.core.StandardEngine    : Starting Servlet engine: [Apache Tomcat/11.0.18]
2026-03-21 13:04:09.185  INFO 3220 --- [demo] [main] b.w.c.s.WebApplicationContextInitializer : Root WebApplicationContext: initialization completed in 850 ms
2026-03-21 13:04:09.303  INFO 3220 --- [demo] [main] org.hibernate.orm.jpa                    : HHH008540: Processing PersistenceUnitInfo [name: default]
2026-03-21 13:04:09.349  INFO 3220 --- [demo] [main] org.hibernate.orm.core                   : HHH000001: Hibernate ORM core version 7.2.7.Final
2026-03-21 13:04:09.678  INFO 3220 --- [demo] [main] o.s.o.j.p.SpringPersistenceUnitInfo      : No LoadTimeWeaver setup: ignoring JPA class transformer
2026-03-21 13:04:09.706  INFO 3220 --- [demo] [main] com.zaxxer.hikari.HikariDataSource       : HikariPool-1 - Starting...
2026-03-21 13:04:09.834  INFO 3220 --- [demo] [main] com.zaxxer.hikari.pool.HikariPool        : HikariPool-1 - Added connection conn0: url=jdbc:h2:mem:db-test user=POSTGRES
2026-03-21 13:04:09.835  INFO 3220 --- [demo] [main] com.zaxxer.hikari.HikariDataSource       : HikariPool-1 - Start completed.
2026-03-21 13:04:09.880  INFO 3220 --- [demo] [main] org.hibernate.orm.connections.pooling    : HHH10001005: Database info:
	Database JDBC URL [jdbc:h2:mem:db-test]
	Database driver: H2 JDBC Driver
	Database dialect: H2Dialect
	Database version: 2.4.240
	Default catalog/schema: DB-TEST/PUBLIC
	Autocommit mode: undefined/unknown
	Isolation level: READ_COMMITTED [default READ_COMMITTED]
	JDBC fetch size: 100
	Pool: DataSourceConnectionProvider
	Minimum pool size: undefined/unknown
	Maximum pool size: undefined/unknown
2026-03-21 13:04:10.560  INFO 3220 --- [demo] [main] org.hibernate.orm.core                   : HHH000489: No JTA platform available (set 'hibernate.transaction.jta.platform' to enable JTA platform integration)
2026-03-21 13:04:10.611  INFO 3220 --- [demo] [main] j.LocalContainerEntityManagerFactoryBean : Initialized JPA EntityManagerFactory for persistence unit 'default'
2026-03-21 13:04:10.660  INFO 3220 --- [demo] [main] o.s.d.j.r.query.QueryEnhancerFactories   : Hibernate is in classpath; If applicable, HQL parser will be used.
2026-03-21 13:04:10.843  WARN 3220 --- [demo] [main] JpaBaseConfiguration$JpaWebConfiguration : spring.jpa.open-in-view is enabled by default. Therefore, database queries may be performed during view rendering. Explicitly configure spring.jpa.open-in-view to disable this warning
2026-03-21 13:04:11.030  INFO 3220 --- [demo] [main] o.s.b.h.a.H2ConsoleAutoConfiguration     : H2 console available at '/h2-console'. Database available at 'jdbc:h2:mem:db-test'
2026-03-21 13:04:11.091  INFO 3220 --- [demo] [main] o.s.boot.tomcat.TomcatWebServer          : Tomcat started on port 8081 (http) with context path '/compunet2-2026'
2026-03-21 13:04:11.096  INFO 3220 --- [demo] [main] com.example.demo.DemoApplication         : Started DemoApplication in 3.134 seconds (process running for 3.455)
2026-03-21 13:04:12.280  INFO 3220 --- [demo] [SpringApplicationShutdownHook] o.s.boot.tomcat.GracefulShutdown         : Commencing graceful shutdown. Waiting for active requests to complete
2026-03-21 13:04:12.367  INFO 3220 --- [demo] [tomcat-shutdown] o.s.boot.tomcat.GracefulShutdown         : Graceful shutdown complete
2026-03-21 13:04:12.369  INFO 3220 --- [demo] [SpringApplicationShutdownHook] j.LocalContainerEntityManagerFactoryBean : Closing JPA EntityManagerFactory for persistence unit 'default'
2026-03-21 13:04:12.374  INFO 3220 --- [demo] [SpringApplicationShutdownHook] com.zaxxer.hikari.HikariDataSource       : HikariPool-1 - Shutdown initiated...
2026-03-21 13:04:12.375  INFO 3220 --- [demo] [SpringApplicationShutdownHook] com.zaxxer.hikari.HikariDataSource       : HikariPool-1 - Shutdown completed.
2026-03-21 13:05:00.256  INFO 10380 --- [demo] [main] com.example.demo.DemoApplication         : Starting DemoApplication using Java 17.0.11 with PID 10380 (F:\Universidad\Docencia ICESI\Computación en Internet 2\2026 01\parcial-jpa-avion\target\classes started by Kelocoes in F:\Universidad\Docencia ICESI\Computación en Internet 2\2026 01\parcial-jpa-avion)
2026-03-21 13:05:00.259  INFO 10380 --- [demo] [main] com.example.demo.DemoApplication         : No active profile set, falling back to 1 default profile: "default"
2026-03-21 13:05:00.644  INFO 10380 --- [demo] [main] .s.d.r.c.RepositoryConfigurationDelegate : Bootstrapping Spring Data JPA repositories in DEFAULT mode.
2026-03-21 13:05:00.693  INFO 10380 --- [demo] [main] .s.d.r.c.RepositoryConfigurationDelegate : Finished Spring Data repository scanning in 42 ms. Found 6 JPA repository interfaces.
2026-03-21 13:05:01.021  INFO 10380 --- [demo] [main] o.s.boot.tomcat.TomcatWebServer          : Tomcat initialized with port 8081 (http)
2026-03-21 13:05:01.031  INFO 10380 --- [demo] [main] o.apache.catalina.core.StandardService   : Starting service [Tomcat]
2026-03-21 13:05:01.031  INFO 10380 --- [demo] [main] o.apache.catalina.core.StandardEngine    : Starting Servlet engine: [Apache Tomcat/11.0.18]
2026-03-21 13:05:01.084  INFO 10380 --- [demo] [main] b.w.c.s.WebApplicationContextInitializer : Root WebApplicationContext: initialization completed in 791 ms
2026-03-21 13:05:01.202  INFO 10380 --- [demo] [main] org.hibernate.orm.jpa                    : HHH008540: Processing PersistenceUnitInfo [name: default]
2026-03-21 13:05:01.244  INFO 10380 --- [demo] [main] org.hibernate.orm.core                   : HHH000001: Hibernate ORM core version 7.2.7.Final
2026-03-21 13:05:01.565  INFO 10380 --- [demo] [main] o.s.o.j.p.SpringPersistenceUnitInfo      : No LoadTimeWeaver setup: ignoring JPA class transformer
2026-03-21 13:05:01.593  INFO 10380 --- [demo] [main] com.zaxxer.hikari.HikariDataSource       : HikariPool-1 - Starting...
2026-03-21 13:05:01.722  INFO 10380 --- [demo] [main] com.zaxxer.hikari.pool.HikariPool        : HikariPool-1 - Added connection conn0: url=jdbc:h2:mem:db-test user=POSTGRES
2026-03-21 13:05:01.724  INFO 10380 --- [demo] [main] com.zaxxer.hikari.HikariDataSource       : HikariPool-1 - Start completed.
2026-03-21 13:05:01.767  INFO 10380 --- [demo] [main] org.hibernate.orm.connections.pooling    : HHH10001005: Database info:
	Database JDBC URL [jdbc:h2:mem:db-test]
	Database driver: H2 JDBC Driver
	Database dialect: H2Dialect
	Database version: 2.4.240
	Default catalog/schema: DB-TEST/PUBLIC
	Autocommit mode: undefined/unknown
	Isolation level: READ_COMMITTED [default READ_COMMITTED]
	JDBC fetch size: 100
	Pool: DataSourceConnectionProvider
	Minimum pool size: undefined/unknown
	Maximum pool size: undefined/unknown
2026-03-21 13:05:02.438  INFO 10380 --- [demo] [main] org.hibernate.orm.core                   : HHH000489: No JTA platform available (set 'hibernate.transaction.jta.platform' to enable JTA platform integration)
2026-03-21 13:05:02.487  INFO 10380 --- [demo] [main] j.LocalContainerEntityManagerFactoryBean : Initialized JPA EntityManagerFactory for persistence unit 'default'
2026-03-21 13:05:02.539  INFO 10380 --- [demo] [main] o.s.d.j.r.query.QueryEnhancerFactories   : Hibernate is in classpath; If applicable, HQL parser will be used.
2026-03-21 13:05:02.728  WARN 10380 --- [demo] [main] JpaBaseConfiguration$JpaWebConfiguration : spring.jpa.open-in-view is enabled by default. Therefore, database queries may be performed during view rendering. Explicitly configure spring.jpa.open-in-view to disable this warning
2026-03-21 13:05:02.922  INFO 10380 --- [demo] [main] o.s.b.h.a.H2ConsoleAutoConfiguration     : H2 console available at '/h2-console'. Database available at 'jdbc:h2:mem:db-test'
2026-03-21 13:05:02.983  INFO 10380 --- [demo] [main] o.s.boot.tomcat.TomcatWebServer          : Tomcat started on port 8081 (http) with context path '/compunet2-2026'
2026-03-21 13:05:02.987  INFO 10380 --- [demo] [main] com.example.demo.DemoApplication         : Started DemoApplication in 3.075 seconds (process running for 3.441)
2026-03-21 13:06:11.979  INFO 10380 --- [demo] [SpringApplicationShutdownHook] o.s.boot.tomcat.GracefulShutdown         : Commencing graceful shutdown. Waiting for active requests to complete
2026-03-21 13:06:12.062  INFO 10380 --- [demo] [tomcat-shutdown] o.s.boot.tomcat.GracefulShutdown         : Graceful shutdown complete
2026-03-21 13:06:12.065  INFO 10380 --- [demo] [SpringApplicationShutdownHook] j.LocalContainerEntityManagerFactoryBean : Closing JPA EntityManagerFactory for persistence unit 'default'
2026-03-21 13:06:12.069  INFO 10380 --- [demo] [SpringApplicationShutdownHook] com.zaxxer.hikari.HikariDataSource       : HikariPool-1 - Shutdown initiated...
2026-03-21 13:06:12.070  INFO 10380 --- [demo] [SpringApplicationShutdownHook] com.zaxxer.hikari.HikariDataSource       : HikariPool-1 - Shutdown completed.
2026-03-21 13:06:19.987  INFO 8212 --- [demo] [main] com.example.demo.DemoApplication         : Starting DemoApplication using Java 17.0.11 with PID 8212 (F:\Universidad\Docencia ICESI\Computación en Internet 2\2026 01\parcial-jpa-avion\target\classes started by Kelocoes in F:\Universidad\Docencia ICESI\Computación en Internet 2\2026 01\parcial-jpa-avion)
2026-03-21 13:06:19.989  INFO 8212 --- [demo] [main] com.example.demo.DemoApplication         : No active profile set, falling back to 1 default profile: "default"
2026-03-21 13:06:20.374  INFO 8212 --- [demo] [main] .s.d.r.c.RepositoryConfigurationDelegate : Bootstrapping Spring Data JPA repositories in DEFAULT mode.
2026-03-21 13:06:20.424  INFO 8212 --- [demo] [main] .s.d.r.c.RepositoryConfigurationDelegate : Finished Spring Data repository scanning in 42 ms. Found 6 JPA repository interfaces.
2026-03-21 13:06:20.757  INFO 8212 --- [demo] [main] o.s.boot.tomcat.TomcatWebServer          : Tomcat initialized with port 8081 (http)
2026-03-21 13:06:20.767  INFO 8212 --- [demo] [main] o.apache.catalina.core.StandardService   : Starting service [Tomcat]
2026-03-21 13:06:20.767  INFO 8212 --- [demo] [main] o.apache.catalina.core.StandardEngine    : Starting Servlet engine: [Apache Tomcat/11.0.18]
2026-03-21 13:06:20.821  INFO 8212 --- [demo] [main] b.w.c.s.WebApplicationContextInitializer : Root WebApplicationContext: initialization completed in 799 ms
2026-03-21 13:06:20.933  INFO 8212 --- [demo] [main] org.hibernate.orm.jpa                    : HHH008540: Processing PersistenceUnitInfo [name: default]
2026-03-21 13:06:20.980  INFO 8212 --- [demo] [main] org.hibernate.orm.core                   : HHH000001: Hibernate ORM core version 7.2.7.Final
2026-03-21 13:06:21.304  INFO 8212 --- [demo] [main] o.s.o.j.p.SpringPersistenceUnitInfo      : No LoadTimeWeaver setup: ignoring JPA class transformer
2026-03-21 13:06:21.331  INFO 8212 --- [demo] [main] com.zaxxer.hikari.HikariDataSource       : HikariPool-1 - Starting...
2026-03-21 13:06:21.461  INFO 8212 --- [demo] [main] com.zaxxer.hikari.pool.HikariPool        : HikariPool-1 - Added connection conn0: url=jdbc:h2:mem:db-test user=POSTGRES
2026-03-21 13:06:21.463  INFO 8212 --- [demo] [main] com.zaxxer.hikari.HikariDataSource       : HikariPool-1 - Start completed.
2026-03-21 13:06:21.507  INFO 8212 --- [demo] [main] org.hibernate.orm.connections.pooling    : HHH10001005: Database info:
	Database JDBC URL [jdbc:h2:mem:db-test]
	Database driver: H2 JDBC Driver
	Database dialect: H2Dialect
	Database version: 2.4.240
	Default catalog/schema: DB-TEST/PUBLIC
	Autocommit mode: undefined/unknown
	Isolation level: READ_COMMITTED [default READ_COMMITTED]
	JDBC fetch size: 100
	Pool: DataSourceConnectionProvider
	Minimum pool size: undefined/unknown
	Maximum pool size: undefined/unknown
2026-03-21 13:06:22.176  INFO 8212 --- [demo] [main] org.hibernate.orm.core                   : HHH000489: No JTA platform available (set 'hibernate.transaction.jta.platform' to enable JTA platform integration)
2026-03-21 13:06:22.226  INFO 8212 --- [demo] [main] j.LocalContainerEntityManagerFactoryBean : Initialized JPA EntityManagerFactory for persistence unit 'default'
2026-03-21 13:06:22.281  INFO 8212 --- [demo] [main] o.s.d.j.r.query.QueryEnhancerFactories   : Hibernate is in classpath; If applicable, HQL parser will be used.
2026-03-21 13:06:22.453  WARN 8212 --- [demo] [main] JpaBaseConfiguration$JpaWebConfiguration : spring.jpa.open-in-view is enabled by default. Therefore, database queries may be performed during view rendering. Explicitly configure spring.jpa.open-in-view to disable this warning
2026-03-21 13:06:22.628  INFO 8212 --- [demo] [main] o.s.b.h.a.H2ConsoleAutoConfiguration     : H2 console available at '/h2-console'. Database available at 'jdbc:h2:mem:db-test'
2026-03-21 13:06:22.686  INFO 8212 --- [demo] [main] o.s.boot.tomcat.TomcatWebServer          : Tomcat started on port 8081 (http) with context path '/compunet2-2026'
2026-03-21 13:06:22.690  INFO 8212 --- [demo] [main] com.example.demo.DemoApplication         : Started DemoApplication in 3.039 seconds (process running for 3.344)
2026-03-21 13:06:35.380  INFO 8212 --- [demo] [http-nio-8081-exec-1] o.a.c.c.C.[.[.[/compunet2-2026]          : Initializing Spring DispatcherServlet 'dispatcherServlet'
2026-03-21 13:06:35.381  INFO 8212 --- [demo] [http-nio-8081-exec-1] o.s.web.servlet.DispatcherServlet        : Initializing Servlet 'dispatcherServlet'
2026-03-21 13:06:35.382  INFO 8212 --- [demo] [http-nio-8081-exec-1] o.s.web.servlet.DispatcherServlet        : Completed initialization in 1 ms
2026-03-21 13:07:21.612  INFO 8212 --- [demo] [SpringApplicationShutdownHook] o.s.boot.tomcat.GracefulShutdown         : Commencing graceful shutdown. Waiting for active requests to complete
2026-03-21 13:07:21.699  INFO 8212 --- [demo] [tomcat-shutdown] o.s.boot.tomcat.GracefulShutdown         : Graceful shutdown complete
2026-03-21 13:07:21.702  INFO 8212 --- [demo] [SpringApplicationShutdownHook] j.LocalContainerEntityManagerFactoryBean : Closing JPA EntityManagerFactory for persistence unit 'default'
2026-03-21 13:07:21.707  INFO 8212 --- [demo] [SpringApplicationShutdownHook] com.zaxxer.hikari.HikariDataSource       : HikariPool-1 - Shutdown initiated...
2026-03-21 13:07:21.707  INFO 8212 --- [demo] [SpringApplicationShutdownHook] com.zaxxer.hikari.HikariDataSource       : HikariPool-1 - Shutdown completed.
2026-03-21 13:12:56.317  INFO 1388 --- [demo] [main] com.example.demo.DemoApplication         : Starting DemoApplication using Java 17.0.11 with PID 1388 (F:\Universidad\Docencia ICESI\Computación en Internet 2\2026 01\parcial-jpa-avion\target\classes started by Kelocoes in F:\Universidad\Docencia ICESI\Computación en Internet 2\2026 01\parcial-jpa-avion)
2026-03-21 13:12:56.319  INFO 1388 --- [demo] [main] com.example.demo.DemoApplication         : No active profile set, falling back to 1 default profile: "default"
2026-03-21 13:12:56.711  INFO 1388 --- [demo] [main] .s.d.r.c.RepositoryConfigurationDelegate : Bootstrapping Spring Data JPA repositories in DEFAULT mode.
2026-03-21 13:12:56.760  INFO 1388 --- [demo] [main] .s.d.r.c.RepositoryConfigurationDelegate : Finished Spring Data repository scanning in 42 ms. Found 6 JPA repository interfaces.
2026-03-21 13:12:57.117  INFO 1388 --- [demo] [main] o.s.boot.tomcat.TomcatWebServer          : Tomcat initialized with port 8081 (http)
2026-03-21 13:12:57.128  INFO 1388 --- [demo] [main] o.apache.catalina.core.StandardService   : Starting service [Tomcat]
2026-03-21 13:12:57.129  INFO 1388 --- [demo] [main] o.apache.catalina.core.StandardEngine    : Starting Servlet engine: [Apache Tomcat/11.0.18]
2026-03-21 13:12:57.183  INFO 1388 --- [demo] [main] b.w.c.s.WebApplicationContextInitializer : Root WebApplicationContext: initialization completed in 829 ms
2026-03-21 13:12:57.302  INFO 1388 --- [demo] [main] org.hibernate.orm.jpa                    : HHH008540: Processing PersistenceUnitInfo [name: default]
2026-03-21 13:12:57.350  INFO 1388 --- [demo] [main] org.hibernate.orm.core                   : HHH000001: Hibernate ORM core version 7.2.7.Final
2026-03-21 13:12:57.681  INFO 1388 --- [demo] [main] o.s.o.j.p.SpringPersistenceUnitInfo      : No LoadTimeWeaver setup: ignoring JPA class transformer
2026-03-21 13:12:57.708  INFO 1388 --- [demo] [main] com.zaxxer.hikari.HikariDataSource       : HikariPool-1 - Starting...
2026-03-21 13:12:57.840  INFO 1388 --- [demo] [main] com.zaxxer.hikari.pool.HikariPool        : HikariPool-1 - Added connection conn0: url=jdbc:h2:mem:db-test user=POSTGRES
2026-03-21 13:12:57.842  INFO 1388 --- [demo] [main] com.zaxxer.hikari.HikariDataSource       : HikariPool-1 - Start completed.
2026-03-21 13:12:57.887  INFO 1388 --- [demo] [main] org.hibernate.orm.connections.pooling    : HHH10001005: Database info:
	Database JDBC URL [jdbc:h2:mem:db-test]
	Database driver: H2 JDBC Driver
	Database dialect: H2Dialect
	Database version: 2.4.240
	Default catalog/schema: DB-TEST/PUBLIC
	Autocommit mode: undefined/unknown
	Isolation level: READ_COMMITTED [default READ_COMMITTED]
	JDBC fetch size: 100
	Pool: DataSourceConnectionProvider
	Minimum pool size: undefined/unknown
	Maximum pool size: undefined/unknown
2026-03-21 13:12:58.682  INFO 1388 --- [demo] [main] org.hibernate.orm.core                   : HHH000489: No JTA platform available (set 'hibernate.transaction.jta.platform' to enable JTA platform integration)
2026-03-21 13:12:58.733  INFO 1388 --- [demo] [main] j.LocalContainerEntityManagerFactoryBean : Initialized JPA EntityManagerFactory for persistence unit 'default'
2026-03-21 13:12:58.785  INFO 1388 --- [demo] [main] o.s.d.j.r.query.QueryEnhancerFactories   : Hibernate is in classpath; If applicable, HQL parser will be used.
2026-03-21 13:12:58.956  WARN 1388 --- [demo] [main] JpaBaseConfiguration$JpaWebConfiguration : spring.jpa.open-in-view is enabled by default. Therefore, database queries may be performed during view rendering. Explicitly configure spring.jpa.open-in-view to disable this warning
2026-03-21 13:12:59.149  INFO 1388 --- [demo] [main] o.s.b.h.a.H2ConsoleAutoConfiguration     : H2 console available at '/h2-console'. Database available at 'jdbc:h2:mem:db-test'
2026-03-21 13:12:59.216  INFO 1388 --- [demo] [main] o.s.boot.tomcat.TomcatWebServer          : Tomcat started on port 8081 (http) with context path '/compunet2-2026'
2026-03-21 13:12:59.221  INFO 1388 --- [demo] [main] com.example.demo.DemoApplication         : Started DemoApplication in 3.238 seconds (process running for 3.556)
2026-03-21 13:13:01.654  INFO 1388 --- [demo] [http-nio-8081-exec-1] o.a.c.c.C.[.[.[/compunet2-2026]          : Initializing Spring DispatcherServlet 'dispatcherServlet'
2026-03-21 13:13:01.655  INFO 1388 --- [demo] [http-nio-8081-exec-1] o.s.web.servlet.DispatcherServlet        : Initializing Servlet 'dispatcherServlet'
2026-03-21 13:13:01.656  INFO 1388 --- [demo] [http-nio-8081-exec-1] o.s.web.servlet.DispatcherServlet        : Completed initialization in 1 ms
2026-03-21 13:13:01.969  WARN 1388 --- [demo] [http-nio-8081-exec-1] org.hibernate.orm.jdbc.error             : HHH000247: ErrorCode: 90068, SQLState: 90068
2026-03-21 13:13:01.969  WARN 1388 --- [demo] [http-nio-8081-exec-1] org.hibernate.orm.jdbc.error             : Expresión Order by "AF1_0.ESTIMATED_PASSENGERS" debe estar en la lista de campos a devolver en este caso
Order by expression "AF1_0.ESTIMATED_PASSENGERS" must be in the result list in this case; SQL statement:
select distinct a1_0.id,a1_0.city,a1_0.country,a1_0.iata_code,a1_0.name from airports a1_0 left join flights af1_0 on a1_0.id=af1_0.destination_airport_id where af1_0.departure_date between ? and ? order by af1_0.estimated_passengers desc fetch first ? rows only [90068-240]
2026-03-21 13:13:01.978 ERROR 1388 --- [demo] [http-nio-8081-exec-1] o.a.c.c.C.[.[.[.[dispatcherServlet]      : Servlet.service() for servlet [dispatcherServlet] in context with path [/compunet2-2026] threw exception [Request processing failed: org.springframework.dao.InvalidDataAccessResourceUsageException: Could not prepare statement [Expresión Order by "AF1_0.ESTIMATED_PASSENGERS" debe estar en la lista de campos a devolver en este caso
Order by expression "AF1_0.ESTIMATED_PASSENGERS" must be in the result list in this case; SQL statement:
select distinct a1_0.id,a1_0.city,a1_0.country,a1_0.iata_code,a1_0.name from airports a1_0 left join flights af1_0 on a1_0.id=af1_0.destination_airport_id where af1_0.departure_date between ? and ? order by af1_0.estimated_passengers desc fetch first ? rows only [90068-240]] [select distinct a1_0.id,a1_0.city,a1_0.country,a1_0.iata_code,a1_0.name from airports a1_0 left join flights af1_0 on a1_0.id=af1_0.destination_airport_id where af1_0.departure_date between ? and ? order by af1_0.estimated_passengers desc fetch first ? rows only]; SQL [select distinct a1_0.id,a1_0.city,a1_0.country,a1_0.iata_code,a1_0.name from airports a1_0 left join flights af1_0 on a1_0.id=af1_0.destination_airport_id where af1_0.departure_date between ? and ? order by af1_0.estimated_passengers desc fetch first ? rows only]] with root cause

org.h2.jdbc.JdbcSQLSyntaxErrorException: Expresión Order by "AF1_0.ESTIMATED_PASSENGERS" debe estar en la lista de campos a devolver en este caso
Order by expression "AF1_0.ESTIMATED_PASSENGERS" must be in the result list in this case; SQL statement:
select distinct a1_0.id,a1_0.city,a1_0.country,a1_0.iata_code,a1_0.name from airports a1_0 left join flights af1_0 on a1_0.id=af1_0.destination_airport_id where af1_0.departure_date between ? and ? order by af1_0.estimated_passengers desc fetch first ? rows only [90068-240]
	at org.h2.message.DbException.getJdbcSQLException(DbException.java:644) ~[h2-2.4.240.jar:2.4.240]
	at org.h2.message.DbException.getJdbcSQLException(DbException.java:489) ~[h2-2.4.240.jar:2.4.240]
	at org.h2.message.DbException.get(DbException.java:223) ~[h2-2.4.240.jar:2.4.240]
	at org.h2.message.DbException.get(DbException.java:199) ~[h2-2.4.240.jar:2.4.240]
	at org.h2.command.query.Query.initExpression(Query.java:725) ~[h2-2.4.240.jar:2.4.240]
	at org.h2.command.query.Query.initOrder(Query.java:642) ~[h2-2.4.240.jar:2.4.240]
	at org.h2.command.query.Select.init(Select.java:1051) ~[h2-2.4.240.jar:2.4.240]
	at org.h2.command.Parser.parseQuery(Parser.java:2485) ~[h2-2.4.240.jar:2.4.240]
	at org.h2.command.Parser.parsePrepared(Parser.java:613) ~[h2-2.4.240.jar:2.4.240]
	at org.h2.command.Parser.parse(Parser.java:584) ~[h2-2.4.240.jar:2.4.240]
	at org.h2.command.Parser.parse(Parser.java:559) ~[h2-2.4.240.jar:2.4.240]
	at org.h2.command.Parser.prepareCommand(Parser.java:487) ~[h2-2.4.240.jar:2.4.240]
	at org.h2.engine.SessionLocal.prepareLocal(SessionLocal.java:647) ~[h2-2.4.240.jar:2.4.240]
	at org.h2.engine.SessionLocal.prepareCommand(SessionLocal.java:563) ~[h2-2.4.240.jar:2.4.240]
	at org.h2.jdbc.JdbcConnection.prepareCommand(JdbcConnection.java:1160) ~[h2-2.4.240.jar:2.4.240]
	at org.h2.jdbc.JdbcPreparedStatement.<init>(JdbcPreparedStatement.java:93) ~[h2-2.4.240.jar:2.4.240]
	at org.h2.jdbc.JdbcConnection.prepareStatement(JdbcConnection.java:686) ~[h2-2.4.240.jar:2.4.240]
	at com.zaxxer.hikari.pool.ProxyConnection.prepareStatement(ProxyConnection.java:342) ~[HikariCP-7.0.2.jar:na]
	at com.zaxxer.hikari.pool.HikariProxyConnection.prepareStatement(HikariProxyConnection.java) ~[HikariCP-7.0.2.jar:na]
	at org.hibernate.engine.jdbc.internal.StatementPreparerImpl$4.doPrepare(StatementPreparerImpl.java:155) ~[hibernate-core-7.2.7.Final.jar:7.2.7.Final]
	at org.hibernate.engine.jdbc.internal.StatementPreparerImpl$StatementPreparationTemplate.prepareStatement(StatementPreparerImpl.java:183) ~[hibernate-core-7.2.7.Final.jar:7.2.7.Final]
	at org.hibernate.engine.jdbc.internal.StatementPreparerImpl.prepareQueryStatement(StatementPreparerImpl.java:157) ~[hibernate-core-7.2.7.Final.jar:7.2.7.Final]
	at org.hibernate.sql.exec.internal.StandardStatementCreator.createStatement(StandardStatementCreator.java:46) ~[hibernate-core-7.2.7.Final.jar:7.2.7.Final]
	at org.hibernate.sql.results.jdbc.internal.DeferredResultSetAccess.executeQuery(DeferredResultSetAccess.java:257) ~[hibernate-core-7.2.7.Final.jar:7.2.7.Final]
	at org.hibernate.sql.results.jdbc.internal.DeferredResultSetAccess.getResultSet(DeferredResultSetAccess.java:190) ~[hibernate-core-7.2.7.Final.jar:7.2.7.Final]
	at org.hibernate.sql.results.jdbc.internal.JdbcValuesResultSetImpl.<init>(JdbcValuesResultSetImpl.java:71) ~[hibernate-core-7.2.7.Final.jar:7.2.7.Final]
	at org.hibernate.sql.exec.internal.JdbcSelectExecutorStandardImpl.resolveJdbcValues(JdbcSelectExecutorStandardImpl.java:393) ~[hibernate-core-7.2.7.Final.jar:7.2.7.Final]
	at org.hibernate.sql.exec.internal.JdbcSelectExecutorStandardImpl.resolveJdbcValuesSource(JdbcSelectExecutorStandardImpl.java:354) ~[hibernate-core-7.2.7.Final.jar:7.2.7.Final]
	at org.hibernate.sql.exec.internal.JdbcSelectExecutorStandardImpl.doExecuteQuery(JdbcSelectExecutorStandardImpl.java:135) ~[hibernate-core-7.2.7.Final.jar:7.2.7.Final]
	at org.hibernate.sql.exec.internal.JdbcSelectExecutorStandardImpl.executeQuery(JdbcSelectExecutorStandardImpl.java:100) ~[hibernate-core-7.2.7.Final.jar:7.2.7.Final]
	at org.hibernate.sql.exec.spi.JdbcSelectExecutor.executeQuery(JdbcSelectExecutor.java:63) ~[hibernate-core-7.2.7.Final.jar:7.2.7.Final]
	at org.hibernate.sql.exec.spi.JdbcSelectExecutor.list(JdbcSelectExecutor.java:137) ~[hibernate-core-7.2.7.Final.jar:7.2.7.Final]
	at org.hibernate.query.sqm.internal.ConcreteSqmSelectQueryPlan.lambda$new$1(ConcreteSqmSelectQueryPlan.java:128) ~[hibernate-core-7.2.7.Final.jar:7.2.7.Final]
	at org.hibernate.query.sqm.internal.ConcreteSqmSelectQueryPlan.withCacheableSqmInterpretation(ConcreteSqmSelectQueryPlan.java:427) ~[hibernate-core-7.2.7.Final.jar:7.2.7.Final]
	at org.hibernate.query.sqm.internal.ConcreteSqmSelectQueryPlan.performList(ConcreteSqmSelectQueryPlan.java:355) ~[hibernate-core-7.2.7.Final.jar:7.2.7.Final]
	at org.hibernate.query.sqm.internal.SqmQueryImpl.doList(SqmQueryImpl.java:374) ~[hibernate-core-7.2.7.Final.jar:7.2.7.Final]
	at org.hibernate.query.spi.AbstractSelectionQuery.list(AbstractSelectionQuery.java:153) ~[hibernate-core-7.2.7.Final.jar:7.2.7.Final]
	at org.hibernate.query.Query.getResultList(Query.java:121) ~[hibernate-core-7.2.7.Final.jar:7.2.7.Final]
	at org.springframework.data.jpa.repository.query.JpaQueryExecution$CollectionExecution.doExecute(JpaQueryExecution.java:132) ~[spring-data-jpa-4.0.4.jar:4.0.4]
	at org.springframework.data.jpa.repository.query.JpaQueryExecution.execute(JpaQueryExecution.java:99) ~[spring-data-jpa-4.0.4.jar:4.0.4]
	at org.springframework.data.jpa.repository.query.AbstractJpaQuery.doExecute(AbstractJpaQuery.java:164) ~[spring-data-jpa-4.0.4.jar:4.0.4]
	at org.springframework.data.jpa.repository.query.AbstractJpaQuery.execute(AbstractJpaQuery.java:154) ~[spring-data-jpa-4.0.4.jar:4.0.4]
	at org.springframework.data.repository.core.support.RepositoryMethodInvoker.doInvoke(RepositoryMethodInvoker.java:169) ~[spring-data-commons-4.0.4.jar:4.0.4]
	at org.springframework.data.repository.core.support.RepositoryMethodInvoker.invoke(RepositoryMethodInvoker.java:158) ~[spring-data-commons-4.0.4.jar:4.0.4]
	at org.springframework.data.repository.core.support.QueryExecutorMethodInterceptor.doInvoke(QueryExecutorMethodInterceptor.java:167) ~[spring-data-commons-4.0.4.jar:4.0.4]
	at org.springframework.data.repository.core.support.QueryExecutorMethodInterceptor.invoke(QueryExecutorMethodInterceptor.java:146) ~[spring-data-commons-4.0.4.jar:4.0.4]
	at org.springframework.aop.framework.ReflectiveMethodInvocation.proceed(ReflectiveMethodInvocation.java:179) ~[spring-aop-7.0.6.jar:7.0.6]
	at org.springframework.data.projection.DefaultMethodInvokingMethodInterceptor.invoke(DefaultMethodInvokingMethodInterceptor.java:69) ~[spring-data-commons-4.0.4.jar:4.0.4]
	at org.springframework.aop.framework.ReflectiveMethodInvocation.proceed(ReflectiveMethodInvocation.java:179) ~[spring-aop-7.0.6.jar:7.0.6]
	at org.springframework.transaction.interceptor.TransactionInterceptor$1.proceedWithInvocation(TransactionInterceptor.java:133) ~[spring-tx-7.0.6.jar:7.0.6]
	at org.springframework.transaction.interceptor.TransactionAspectSupport.invokeWithinTransaction(TransactionAspectSupport.java:371) ~[spring-tx-7.0.6.jar:7.0.6]
	at org.springframework.transaction.interceptor.TransactionInterceptor.invoke(TransactionInterceptor.java:130) ~[spring-tx-7.0.6.jar:7.0.6]
	at org.springframework.aop.framework.ReflectiveMethodInvocation.proceed(ReflectiveMethodInvocation.java:179) ~[spring-aop-7.0.6.jar:7.0.6]
	at org.springframework.dao.support.PersistenceExceptionTranslationInterceptor.invoke(PersistenceExceptionTranslationInterceptor.java:135) ~[spring-tx-7.0.6.jar:7.0.6]
	at org.springframework.aop.framework.ReflectiveMethodInvocation.proceed(ReflectiveMethodInvocation.java:179) ~[spring-aop-7.0.6.jar:7.0.6]
	at org.springframework.data.jpa.repository.support.CrudMethodMetadataPostProcessor$CrudMethodMetadataPopulatingMethodInterceptor.invoke(CrudMethodMetadataPostProcessor.java:137) ~[spring-data-jpa-4.0.4.jar:4.0.4]
	at org.springframework.aop.framework.ReflectiveMethodInvocation.proceed(ReflectiveMethodInvocation.java:179) ~[spring-aop-7.0.6.jar:7.0.6]
	at org.springframework.aop.framework.JdkDynamicAopProxy.invoke(JdkDynamicAopProxy.java:222) ~[spring-aop-7.0.6.jar:7.0.6]
	at jdk.proxy2/jdk.proxy2.$Proxy132.findDistinctTop5ByArrivingFlights_DepartureDateBetweenOrderByArrivingFlights_EstimatedPassengersDesc(Unknown Source) ~[na:na]
	at com.example.demo.controller.AirportController.findTop5AirportsWithMostPassengerArrivalsByDateRange(AirportController.java:37) ~[classes/:na]
	at java.base/jdk.internal.reflect.NativeMethodAccessorImpl.invoke0(Native Method) ~[na:na]
	at java.base/jdk.internal.reflect.NativeMethodAccessorImpl.invoke(NativeMethodAccessorImpl.java:77) ~[na:na]
	at java.base/jdk.internal.reflect.DelegatingMethodAccessorImpl.invoke(DelegatingMethodAccessorImpl.java:43) ~[na:na]
	at java.base/java.lang.reflect.Method.invoke(Method.java:568) ~[na:na]
	at org.springframework.web.method.support.InvocableHandlerMethod.doInvoke(InvocableHandlerMethod.java:252) ~[spring-web-7.0.6.jar:7.0.6]
	at org.springframework.web.method.support.InvocableHandlerMethod.invokeForRequest(InvocableHandlerMethod.java:184) ~[spring-web-7.0.6.jar:7.0.6]
	at org.springframework.web.servlet.mvc.method.annotation.ServletInvocableHandlerMethod.invokeAndHandle(ServletInvocableHandlerMethod.java:117) ~[spring-webmvc-7.0.6.jar:7.0.6]
	at org.springframework.web.servlet.mvc.method.annotation.RequestMappingHandlerAdapter.invokeHandlerMethod(RequestMappingHandlerAdapter.java:934) ~[spring-webmvc-7.0.6.jar:7.0.6]
	at org.springframework.web.servlet.mvc.method.annotation.RequestMappingHandlerAdapter.handleInternal(RequestMappingHandlerAdapter.java:853) ~[spring-webmvc-7.0.6.jar:7.0.6]
	at org.springframework.web.servlet.mvc.method.AbstractHandlerMethodAdapter.handle(AbstractHandlerMethodAdapter.java:86) ~[spring-webmvc-7.0.6.jar:7.0.6]
	at org.springframework.web.servlet.DispatcherServlet.doDispatch(DispatcherServlet.java:963) ~[spring-webmvc-7.0.6.jar:7.0.6]
	at org.springframework.web.servlet.DispatcherServlet.doService(DispatcherServlet.java:866) ~[spring-webmvc-7.0.6.jar:7.0.6]
	at org.springframework.web.servlet.FrameworkServlet.processRequest(FrameworkServlet.java:1000) ~[spring-webmvc-7.0.6.jar:7.0.6]
	at org.springframework.web.servlet.FrameworkServlet.doGet(FrameworkServlet.java:892) ~[spring-webmvc-7.0.6.jar:7.0.6]
	at jakarta.servlet.http.HttpServlet.service(HttpServlet.java:633) ~[jakarta.servlet-api-6.1.0.jar:6.1.0]
	at org.springframework.web.servlet.FrameworkServlet.service(FrameworkServlet.java:874) ~[spring-webmvc-7.0.6.jar:7.0.6]
	at jakarta.servlet.http.HttpServlet.service(HttpServlet.java:723) ~[jakarta.servlet-api-6.1.0.jar:6.1.0]
	at org.apache.catalina.core.ApplicationFilterChain.doFilter(ApplicationFilterChain.java:128) ~[tomcat-embed-core-11.0.18.jar:11.0.18]
	at org.apache.tomcat.websocket.server.WsFilter.doFilter(WsFilter.java:53) ~[tomcat-embed-websocket-11.0.18.jar:11.0.18]
	at org.apache.catalina.core.ApplicationFilterChain.doFilter(ApplicationFilterChain.java:107) ~[tomcat-embed-core-11.0.18.jar:11.0.18]
	at org.springframework.web.filter.RequestContextFilter.doFilterInternal(RequestContextFilter.java:100) ~[spring-web-7.0.6.jar:7.0.6]
	at org.springframework.web.filter.OncePerRequestFilter.doFilter(OncePerRequestFilter.java:116) ~[spring-web-7.0.6.jar:7.0.6]
	at org.apache.catalina.core.ApplicationFilterChain.doFilter(ApplicationFilterChain.java:107) ~[tomcat-embed-core-11.0.18.jar:11.0.18]
	at org.springframework.web.filter.FormContentFilter.doFilterInternal(FormContentFilter.java:93) ~[spring-web-7.0.6.jar:7.0.6]
	at org.springframework.web.filter.OncePerRequestFilter.doFilter(OncePerRequestFilter.java:116) ~[spring-web-7.0.6.jar:7.0.6]
	at org.apache.catalina.core.ApplicationFilterChain.doFilter(ApplicationFilterChain.java:107) ~[tomcat-embed-core-11.0.18.jar:11.0.18]
	at org.springframework.web.filter.CharacterEncodingFilter.doFilterInternal(CharacterEncodingFilter.java:199) ~[spring-web-7.0.6.jar:7.0.6]
	at org.springframework.web.filter.OncePerRequestFilter.doFilter(OncePerRequestFilter.java:116) ~[spring-web-7.0.6.jar:7.0.6]
	at org.apache.catalina.core.ApplicationFilterChain.doFilter(ApplicationFilterChain.java:107) ~[tomcat-embed-core-11.0.18.jar:11.0.18]
	at org.apache.catalina.core.StandardWrapperValve.invoke(StandardWrapperValve.java:165) ~[tomcat-embed-core-11.0.18.jar:11.0.18]
	at org.apache.catalina.core.StandardContextValve.invoke(StandardContextValve.java:77) ~[tomcat-embed-core-11.0.18.jar:11.0.18]
	at org.apache.catalina.authenticator.AuthenticatorBase.invoke(AuthenticatorBase.java:492) ~[tomcat-embed-core-11.0.18.jar:11.0.18]
	at org.apache.catalina.core.StandardHostValve.invoke(StandardHostValve.java:113) ~[tomcat-embed-core-11.0.18.jar:11.0.18]
	at org.apache.catalina.valves.ErrorReportValve.invoke(ErrorReportValve.java:83) ~[tomcat-embed-core-11.0.18.jar:11.0.18]
	at org.apache.catalina.core.StandardEngineValve.invoke(StandardEngineValve.java:72) ~[tomcat-embed-core-11.0.18.jar:11.0.18]
	at org.apache.catalina.connector.CoyoteAdapter.service(CoyoteAdapter.java:341) ~[tomcat-embed-core-11.0.18.jar:11.0.18]
	at org.apache.coyote.http11.Http11Processor.service(Http11Processor.java:397) ~[tomcat-embed-core-11.0.18.jar:11.0.18]
	at org.apache.coyote.AbstractProcessorLight.process(AbstractProcessorLight.java:63) ~[tomcat-embed-core-11.0.18.jar:11.0.18]
	at org.apache.coyote.AbstractProtocol$ConnectionHandler.process(AbstractProtocol.java:903) ~[tomcat-embed-core-11.0.18.jar:11.0.18]
	at org.apache.tomcat.util.net.NioEndpoint$SocketProcessor.doRun(NioEndpoint.java:1779) ~[tomcat-embed-core-11.0.18.jar:11.0.18]
	at org.apache.tomcat.util.net.SocketProcessorBase.run(SocketProcessorBase.java:52) ~[tomcat-embed-core-11.0.18.jar:11.0.18]
	at org.apache.tomcat.util.threads.ThreadPoolExecutor.runWorker(ThreadPoolExecutor.java:946) ~[tomcat-embed-core-11.0.18.jar:11.0.18]
	at org.apache.tomcat.util.threads.ThreadPoolExecutor$Worker.run(ThreadPoolExecutor.java:480) ~[tomcat-embed-core-11.0.18.jar:11.0.18]
	at org.apache.tomcat.util.threads.TaskThread$WrappingRunnable.run(TaskThread.java:57) ~[tomcat-embed-core-11.0.18.jar:11.0.18]
	at java.base/java.lang.Thread.run(Thread.java:842) ~[na:na]

2026-03-21 13:14:11.114  INFO 1388 --- [demo] [SpringApplicationShutdownHook] o.s.boot.tomcat.GracefulShutdown         : Commencing graceful shutdown. Waiting for active requests to complete
2026-03-21 13:14:11.203  INFO 1388 --- [demo] [tomcat-shutdown] o.s.boot.tomcat.GracefulShutdown         : Graceful shutdown complete
2026-03-21 13:14:11.208  INFO 1388 --- [demo] [SpringApplicationShutdownHook] j.LocalContainerEntityManagerFactoryBean : Closing JPA EntityManagerFactory for persistence unit 'default'
2026-03-21 13:14:11.211  INFO 1388 --- [demo] [SpringApplicationShutdownHook] com.zaxxer.hikari.HikariDataSource       : HikariPool-1 - Shutdown initiated...
2026-03-21 13:14:11.213  INFO 1388 --- [demo] [SpringApplicationShutdownHook] com.zaxxer.hikari.HikariDataSource       : HikariPool-1 - Shutdown completed.
2026-03-21 13:14:18.940  INFO 23568 --- [demo] [main] com.example.demo.DemoApplication         : Starting DemoApplication using Java 17.0.11 with PID 23568 (F:\Universidad\Docencia ICESI\Computación en Internet 2\2026 01\parcial-jpa-avion\target\classes started by Kelocoes in F:\Universidad\Docencia ICESI\Computación en Internet 2\2026 01\parcial-jpa-avion)
2026-03-21 13:14:18.943  INFO 23568 --- [demo] [main] com.example.demo.DemoApplication         : No active profile set, falling back to 1 default profile: "default"
2026-03-21 13:14:19.325  INFO 23568 --- [demo] [main] .s.d.r.c.RepositoryConfigurationDelegate : Bootstrapping Spring Data JPA repositories in DEFAULT mode.
2026-03-21 13:14:19.374  INFO 23568 --- [demo] [main] .s.d.r.c.RepositoryConfigurationDelegate : Finished Spring Data repository scanning in 43 ms. Found 6 JPA repository interfaces.
2026-03-21 13:14:19.732  INFO 23568 --- [demo] [main] o.s.boot.tomcat.TomcatWebServer          : Tomcat initialized with port 8081 (http)
2026-03-21 13:14:19.744  INFO 23568 --- [demo] [main] o.apache.catalina.core.StandardService   : Starting service [Tomcat]
2026-03-21 13:14:19.744  INFO 23568 --- [demo] [main] o.apache.catalina.core.StandardEngine    : Starting Servlet engine: [Apache Tomcat/11.0.18]
2026-03-21 13:14:19.801  INFO 23568 --- [demo] [main] b.w.c.s.WebApplicationContextInitializer : Root WebApplicationContext: initialization completed in 825 ms
2026-03-21 13:14:19.931  INFO 23568 --- [demo] [main] org.hibernate.orm.jpa                    : HHH008540: Processing PersistenceUnitInfo [name: default]
2026-03-21 13:14:19.975  INFO 23568 --- [demo] [main] org.hibernate.orm.core                   : HHH000001: Hibernate ORM core version 7.2.7.Final
2026-03-21 13:14:20.339  INFO 23568 --- [demo] [main] o.s.o.j.p.SpringPersistenceUnitInfo      : No LoadTimeWeaver setup: ignoring JPA class transformer
2026-03-21 13:14:20.368  INFO 23568 --- [demo] [main] com.zaxxer.hikari.HikariDataSource       : HikariPool-1 - Starting...
2026-03-21 13:14:20.496  INFO 23568 --- [demo] [main] com.zaxxer.hikari.pool.HikariPool        : HikariPool-1 - Added connection conn0: url=jdbc:h2:mem:db-test user=POSTGRES
2026-03-21 13:14:20.497  INFO 23568 --- [demo] [main] com.zaxxer.hikari.HikariDataSource       : HikariPool-1 - Start completed.
2026-03-21 13:14:20.543  INFO 23568 --- [demo] [main] org.hibernate.orm.connections.pooling    : HHH10001005: Database info:
	Database JDBC URL [jdbc:h2:mem:db-test]
	Database driver: H2 JDBC Driver
	Database dialect: H2Dialect
	Database version: 2.4.240
	Default catalog/schema: DB-TEST/PUBLIC
	Autocommit mode: undefined/unknown
	Isolation level: READ_COMMITTED [default READ_COMMITTED]
	JDBC fetch size: 100
	Pool: DataSourceConnectionProvider
	Minimum pool size: undefined/unknown
	Maximum pool size: undefined/unknown
2026-03-21 13:14:21.204  INFO 23568 --- [demo] [main] org.hibernate.orm.core                   : HHH000489: No JTA platform available (set 'hibernate.transaction.jta.platform' to enable JTA platform integration)
2026-03-21 13:14:21.256  INFO 23568 --- [demo] [main] j.LocalContainerEntityManagerFactoryBean : Initialized JPA EntityManagerFactory for persistence unit 'default'
2026-03-21 13:14:21.307  INFO 23568 --- [demo] [main] o.s.d.j.r.query.QueryEnhancerFactories   : Hibernate is in classpath; If applicable, HQL parser will be used.
2026-03-21 13:14:21.477  WARN 23568 --- [demo] [main] JpaBaseConfiguration$JpaWebConfiguration : spring.jpa.open-in-view is enabled by default. Therefore, database queries may be performed during view rendering. Explicitly configure spring.jpa.open-in-view to disable this warning
2026-03-21 13:14:21.652  INFO 23568 --- [demo] [main] o.s.b.h.a.H2ConsoleAutoConfiguration     : H2 console available at '/h2-console'. Database available at 'jdbc:h2:mem:db-test'
2026-03-21 13:14:21.711  INFO 23568 --- [demo] [main] o.s.boot.tomcat.TomcatWebServer          : Tomcat started on port 8081 (http) with context path '/compunet2-2026'
2026-03-21 13:14:21.714  INFO 23568 --- [demo] [main] com.example.demo.DemoApplication         : Started DemoApplication in 3.103 seconds (process running for 3.412)
2026-03-21 13:14:23.372  INFO 23568 --- [demo] [http-nio-8081-exec-1] o.a.c.c.C.[.[.[/compunet2-2026]          : Initializing Spring DispatcherServlet 'dispatcherServlet'
2026-03-21 13:14:23.372  INFO 23568 --- [demo] [http-nio-8081-exec-1] o.s.web.servlet.DispatcherServlet        : Initializing Servlet 'dispatcherServlet'
2026-03-21 13:14:23.373  INFO 23568 --- [demo] [http-nio-8081-exec-1] o.s.web.servlet.DispatcherServlet        : Completed initialization in 1 ms
2026-03-21 13:16:36.252  INFO 23568 --- [demo] [SpringApplicationShutdownHook] o.s.boot.tomcat.GracefulShutdown         : Commencing graceful shutdown. Waiting for active requests to complete
2026-03-21 13:16:36.339  INFO 23568 --- [demo] [tomcat-shutdown] o.s.boot.tomcat.GracefulShutdown         : Graceful shutdown complete
2026-03-21 13:16:36.341  INFO 23568 --- [demo] [SpringApplicationShutdownHook] j.LocalContainerEntityManagerFactoryBean : Closing JPA EntityManagerFactory for persistence unit 'default'
2026-03-21 13:16:36.346  INFO 23568 --- [demo] [SpringApplicationShutdownHook] com.zaxxer.hikari.HikariDataSource       : HikariPool-1 - Shutdown initiated...
2026-03-21 13:16:36.347  INFO 23568 --- [demo] [SpringApplicationShutdownHook] com.zaxxer.hikari.HikariDataSource       : HikariPool-1 - Shutdown completed.
2026-03-21 13:16:44.340  INFO 23648 --- [demo] [main] com.example.demo.DemoApplication         : Starting DemoApplication using Java 17.0.11 with PID 23648 (F:\Universidad\Docencia ICESI\Computación en Internet 2\2026 01\parcial-jpa-avion\target\classes started by Kelocoes in F:\Universidad\Docencia ICESI\Computación en Internet 2\2026 01\parcial-jpa-avion)
2026-03-21 13:16:44.343  INFO 23648 --- [demo] [main] com.example.demo.DemoApplication         : No active profile set, falling back to 1 default profile: "default"
2026-03-21 13:16:44.729  INFO 23648 --- [demo] [main] .s.d.r.c.RepositoryConfigurationDelegate : Bootstrapping Spring Data JPA repositories in DEFAULT mode.
2026-03-21 13:16:44.778  INFO 23648 --- [demo] [main] .s.d.r.c.RepositoryConfigurationDelegate : Finished Spring Data repository scanning in 41 ms. Found 6 JPA repository interfaces.
2026-03-21 13:16:45.138  INFO 23648 --- [demo] [main] o.s.boot.tomcat.TomcatWebServer          : Tomcat initialized with port 8081 (http)
2026-03-21 13:16:45.148  INFO 23648 --- [demo] [main] o.apache.catalina.core.StandardService   : Starting service [Tomcat]
2026-03-21 13:16:45.148  INFO 23648 --- [demo] [main] o.apache.catalina.core.StandardEngine    : Starting Servlet engine: [Apache Tomcat/11.0.18]
2026-03-21 13:16:45.202  INFO 23648 --- [demo] [main] b.w.c.s.WebApplicationContextInitializer : Root WebApplicationContext: initialization completed in 826 ms
2026-03-21 13:16:45.314  INFO 23648 --- [demo] [main] org.hibernate.orm.jpa                    : HHH008540: Processing PersistenceUnitInfo [name: default]
2026-03-21 13:16:45.358  INFO 23648 --- [demo] [main] org.hibernate.orm.core                   : HHH000001: Hibernate ORM core version 7.2.7.Final
2026-03-21 13:16:45.685  INFO 23648 --- [demo] [main] o.s.o.j.p.SpringPersistenceUnitInfo      : No LoadTimeWeaver setup: ignoring JPA class transformer
2026-03-21 13:16:45.711  INFO 23648 --- [demo] [main] com.zaxxer.hikari.HikariDataSource       : HikariPool-1 - Starting...
2026-03-21 13:16:45.844  INFO 23648 --- [demo] [main] com.zaxxer.hikari.pool.HikariPool        : HikariPool-1 - Added connection conn0: url=jdbc:h2:mem:db-test user=POSTGRES
2026-03-21 13:16:45.846  INFO 23648 --- [demo] [main] com.zaxxer.hikari.HikariDataSource       : HikariPool-1 - Start completed.
2026-03-21 13:16:45.891  INFO 23648 --- [demo] [main] org.hibernate.orm.connections.pooling    : HHH10001005: Database info:
	Database JDBC URL [jdbc:h2:mem:db-test]
	Database driver: H2 JDBC Driver
	Database dialect: H2Dialect
	Database version: 2.4.240
	Default catalog/schema: DB-TEST/PUBLIC
	Autocommit mode: undefined/unknown
	Isolation level: READ_COMMITTED [default READ_COMMITTED]
	JDBC fetch size: 100
	Pool: DataSourceConnectionProvider
	Minimum pool size: undefined/unknown
	Maximum pool size: undefined/unknown
2026-03-21 13:16:46.596  INFO 23648 --- [demo] [main] org.hibernate.orm.core                   : HHH000489: No JTA platform available (set 'hibernate.transaction.jta.platform' to enable JTA platform integration)
2026-03-21 13:16:46.647  INFO 23648 --- [demo] [main] j.LocalContainerEntityManagerFactoryBean : Initialized JPA EntityManagerFactory for persistence unit 'default'
2026-03-21 13:16:46.697  INFO 23648 --- [demo] [main] o.s.d.j.r.query.QueryEnhancerFactories   : Hibernate is in classpath; If applicable, HQL parser will be used.
2026-03-21 13:16:46.876  WARN 23648 --- [demo] [main] JpaBaseConfiguration$JpaWebConfiguration : spring.jpa.open-in-view is enabled by default. Therefore, database queries may be performed during view rendering. Explicitly configure spring.jpa.open-in-view to disable this warning
2026-03-21 13:16:47.053  INFO 23648 --- [demo] [main] o.s.b.h.a.H2ConsoleAutoConfiguration     : H2 console available at '/h2-console'. Database available at 'jdbc:h2:mem:db-test'
2026-03-21 13:16:47.116  INFO 23648 --- [demo] [main] o.s.boot.tomcat.TomcatWebServer          : Tomcat started on port 8081 (http) with context path '/compunet2-2026'
2026-03-21 13:16:47.121  INFO 23648 --- [demo] [main] com.example.demo.DemoApplication         : Started DemoApplication in 3.109 seconds (process running for 3.428)
2026-03-21 13:16:48.315  INFO 23648 --- [demo] [http-nio-8081-exec-1] o.a.c.c.C.[.[.[/compunet2-2026]          : Initializing Spring DispatcherServlet 'dispatcherServlet'
2026-03-21 13:16:48.315  INFO 23648 --- [demo] [http-nio-8081-exec-1] o.s.web.servlet.DispatcherServlet        : Initializing Servlet 'dispatcherServlet'
2026-03-21 13:16:48.316  INFO 23648 --- [demo] [http-nio-8081-exec-1] o.s.web.servlet.DispatcherServlet        : Completed initialization in 1 ms
2026-03-21 13:17:17.524  INFO 23648 --- [demo] [SpringApplicationShutdownHook] o.s.boot.tomcat.GracefulShutdown         : Commencing graceful shutdown. Waiting for active requests to complete
2026-03-21 13:17:17.607  INFO 23648 --- [demo] [tomcat-shutdown] o.s.boot.tomcat.GracefulShutdown         : Graceful shutdown complete
2026-03-21 13:17:17.610  INFO 23648 --- [demo] [SpringApplicationShutdownHook] j.LocalContainerEntityManagerFactoryBean : Closing JPA EntityManagerFactory for persistence unit 'default'
2026-03-21 13:17:17.614  INFO 23648 --- [demo] [SpringApplicationShutdownHook] com.zaxxer.hikari.HikariDataSource       : HikariPool-1 - Shutdown initiated...
2026-03-21 13:17:17.616  INFO 23648 --- [demo] [SpringApplicationShutdownHook] com.zaxxer.hikari.HikariDataSource       : HikariPool-1 - Shutdown completed.
2026-09-23 10:13:44.915  INFO 21616 --- [demo] [main] com.example.demo.DemoApplication         : Starting DemoApplication using Java 17.0.2 with PID 21616 (C:\Users\juanf\OneDrive\Desktop\parcial-avion-master (1)\parcial-avion-master\target\classes started by juanf in C:\Users\juanf\OneDrive\Desktop\parcial-avion-master (1)\parcial-avion-master)
2026-09-23 10:13:44.941  INFO 21616 --- [demo] [main] com.example.demo.DemoApplication         : No active profile set, falling back to 1 default profile: "default"
2026-09-23 10:13:45.870  INFO 21616 --- [demo] [main] .s.d.r.c.RepositoryConfigurationDelegate : Bootstrapping Spring Data JPA repositories in DEFAULT mode.
2026-09-23 10:13:45.984  INFO 21616 --- [demo] [main] .s.d.r.c.RepositoryConfigurationDelegate : Finished Spring Data repository scanning in 87 ms. Found 6 JPA repository interfaces.
2026-09-23 10:13:46.745  INFO 21616 --- [demo] [main] o.s.boot.tomcat.TomcatWebServer          : Tomcat initialized with port 8081 (http)
2026-09-23 10:13:46.768  INFO 21616 --- [demo] [main] o.apache.catalina.core.StandardService   : Starting service [Tomcat]
2026-09-23 10:13:46.768  INFO 21616 --- [demo] [main] o.apache.catalina.core.StandardEngine    : Starting Servlet engine: [Apache Tomcat/11.0.18]
2026-09-23 10:13:46.859  INFO 21616 --- [demo] [main] b.w.c.s.WebApplicationContextInitializer : Root WebApplicationContext: initialization completed in 1847 ms
2026-09-23 10:13:47.092  INFO 21616 --- [demo] [main] org.hibernate.orm.jpa                    : HHH008540: Processing PersistenceUnitInfo [name: default]
2026-09-23 10:13:47.160  INFO 21616 --- [demo] [main] org.hibernate.orm.core                   : HHH000001: Hibernate ORM core version 7.2.7.Final
2026-09-23 10:13:47.844  INFO 21616 --- [demo] [main] o.s.o.j.p.SpringPersistenceUnitInfo      : No LoadTimeWeaver setup: ignoring JPA class transformer
2026-09-23 10:13:47.894  INFO 21616 --- [demo] [main] com.zaxxer.hikari.HikariDataSource       : HikariPool-1 - Starting...
2026-09-23 10:13:48.211  INFO 21616 --- [demo] [main] com.zaxxer.hikari.pool.HikariPool        : HikariPool-1 - Added connection conn0: url=jdbc:h2:mem:db-test user=POSTGRES
2026-09-23 10:13:48.214  INFO 21616 --- [demo] [main] com.zaxxer.hikari.HikariDataSource       : HikariPool-1 - Start completed.
2026-09-23 10:13:48.297  INFO 21616 --- [demo] [main] org.hibernate.orm.connections.pooling    : HHH10001005: Database info:
	Database JDBC URL [jdbc:h2:mem:db-test]
	Database driver: H2 JDBC Driver
	Database dialect: H2Dialect
	Database version: 2.4.240
	Default catalog/schema: DB-TEST/PUBLIC
	Autocommit mode: undefined/unknown
	Isolation level: READ_COMMITTED [default READ_COMMITTED]
	JDBC fetch size: 100
	Pool: DataSourceConnectionProvider
	Minimum pool size: undefined/unknown
	Maximum pool size: undefined/unknown
2026-09-23 10:13:48.565 ERROR 21616 --- [demo] [main] j.LocalContainerEntityManagerFactoryBean : Failed to initialize JPA EntityManagerFactory: Collection 'com.example.demo.model.Airport.departingFlights' is 'mappedBy' a property named 'originAirport_id' which does not exist in the target entity 'com.example.demo.model.Flight'
2026-09-23 10:13:48.566  WARN 21616 --- [demo] [main] ConfigServletWebServerApplicationContext : Exception encountered during context initialization - cancelling refresh attempt: org.springframework.beans.factory.BeanCreationException: Error creating bean with name 'entityManagerFactory' defined in class path resource [org/springframework/boot/hibernate/autoconfigure/HibernateJpaConfiguration.class]: Collection 'com.example.demo.model.Airport.departingFlights' is 'mappedBy' a property named 'originAirport_id' which does not exist in the target entity 'com.example.demo.model.Flight'
2026-09-23 10:13:48.567  INFO 21616 --- [demo] [main] com.zaxxer.hikari.HikariDataSource       : HikariPool-1 - Shutdown initiated...
2026-09-23 10:13:48.569  INFO 21616 --- [demo] [main] com.zaxxer.hikari.HikariDataSource       : HikariPool-1 - Shutdown completed.
2026-09-23 10:13:48.574  INFO 21616 --- [demo] [main] o.apache.catalina.core.StandardService   : Stopping service [Tomcat]
2026-09-23 10:13:48.590  INFO 21616 --- [demo] [main] .s.b.a.l.ConditionEvaluationReportLogger : 

Error starting ApplicationContext. To display the condition evaluation report re-run your application with 'debug' enabled.
2026-09-23 10:13:48.608 ERROR 21616 --- [demo] [main] o.s.boot.SpringApplication               : Application run failed

org.springframework.beans.factory.BeanCreationException: Error creating bean with name 'entityManagerFactory' defined in class path resource [org/springframework/boot/hibernate/autoconfigure/HibernateJpaConfiguration.class]: Collection 'com.example.demo.model.Airport.departingFlights' is 'mappedBy' a property named 'originAirport_id' which does not exist in the target entity 'com.example.demo.model.Flight'
	at org.springframework.beans.factory.support.AbstractAutowireCapableBeanFactory.initializeBean(AbstractAutowireCapableBeanFactory.java:1817) ~[spring-beans-7.0.6.jar:7.0.6]
	at org.springframework.beans.factory.support.AbstractAutowireCapableBeanFactory.doCreateBean(AbstractAutowireCapableBeanFactory.java:603) ~[spring-beans-7.0.6.jar:7.0.6]
	at org.springframework.beans.factory.support.AbstractAutowireCapableBeanFactory.createBean(AbstractAutowireCapableBeanFactory.java:525) ~[spring-beans-7.0.6.jar:7.0.6]
	at org.springframework.beans.factory.support.AbstractBeanFactory.lambda$doGetBean$0(AbstractBeanFactory.java:333) ~[spring-beans-7.0.6.jar:7.0.6]
	at org.springframework.beans.factory.support.DefaultSingletonBeanRegistry.getSingleton(DefaultSingletonBeanRegistry.java:371) ~[spring-beans-7.0.6.jar:7.0.6]
	at org.springframework.beans.factory.support.AbstractBeanFactory.doGetBean(AbstractBeanFactory.java:331) ~[spring-beans-7.0.6.jar:7.0.6]
	at org.springframework.beans.factory.support.AbstractBeanFactory.getBean(AbstractBeanFactory.java:201) ~[spring-beans-7.0.6.jar:7.0.6]
	at org.springframework.context.support.AbstractApplicationContext.finishBeanFactoryInitialization(AbstractApplicationContext.java:977) ~[spring-context-7.0.6.jar:7.0.6]
	at org.springframework.context.support.AbstractApplicationContext.refresh(AbstractApplicationContext.java:621) ~[spring-context-7.0.6.jar:7.0.6]
	at org.springframework.boot.web.server.servlet.context.ServletWebServerApplicationContext.refresh(ServletWebServerApplicationContext.java:143) ~[spring-boot-web-server-4.0.4.jar:4.0.4]
	at org.springframework.boot.SpringApplication.refresh(SpringApplication.java:756) ~[spring-boot-4.0.4.jar:4.0.4]
	at org.springframework.boot.SpringApplication.refreshContext(SpringApplication.java:445) ~[spring-boot-4.0.4.jar:4.0.4]
	at org.springframework.boot.SpringApplication.run(SpringApplication.java:321) ~[spring-boot-4.0.4.jar:4.0.4]
	at org.springframework.boot.SpringApplication.run(SpringApplication.java:1365) ~[spring-boot-4.0.4.jar:4.0.4]
	at org.springframework.boot.SpringApplication.run(SpringApplication.java:1354) ~[spring-boot-4.0.4.jar:4.0.4]
	at com.example.demo.DemoApplication.main(DemoApplication.java:10) ~[classes/:na]
Caused by: org.hibernate.AnnotationException: Collection 'com.example.demo.model.Airport.departingFlights' is 'mappedBy' a property named 'originAirport_id' which does not exist in the target entity 'com.example.demo.model.Flight'
	at org.hibernate.boot.model.internal.CollectionBinder.getMappedByProperty(CollectionBinder.java:1523) ~[hibernate-core-7.2.7.Final.jar:7.2.7.Final]
	at org.hibernate.boot.model.internal.CollectionBinder.isReversePropertyInJoin(CollectionBinder.java:1506) ~[hibernate-core-7.2.7.Final.jar:7.2.7.Final]
	at org.hibernate.boot.model.internal.CollectionBinder.noAssociationTable(CollectionBinder.java:1531) ~[hibernate-core-7.2.7.Final.jar:7.2.7.Final]
	at org.hibernate.boot.model.internal.CollectionBinder.bindStarToManySecondPass(CollectionBinder.java:1489) ~[hibernate-core-7.2.7.Final.jar:7.2.7.Final]
	at org.hibernate.boot.model.internal.CollectionBinder$1.secondPass(CollectionBinder.java:1480) ~[hibernate-core-7.2.7.Final.jar:7.2.7.Final]
	at org.hibernate.boot.model.internal.CollectionSecondPass.doSecondPass(CollectionSecondPass.java:39) ~[hibernate-core-7.2.7.Final.jar:7.2.7.Final]
	at org.hibernate.boot.internal.InFlightMetadataCollectorImpl.processSecondPasses(InFlightMetadataCollectorImpl.java:1771) ~[hibernate-core-7.2.7.Final.jar:7.2.7.Final]
	at org.hibernate.boot.internal.InFlightMetadataCollectorImpl.processSecondPasses(InFlightMetadataCollectorImpl.java:1737) ~[hibernate-core-7.2.7.Final.jar:7.2.7.Final]
	at org.hibernate.boot.model.process.spi.MetadataBuildingProcess.coordinateProcessors(MetadataBuildingProcess.java:357) ~[hibernate-core-7.2.7.Final.jar:7.2.7.Final]
	at org.hibernate.boot.model.process.spi.MetadataBuildingProcess.complete(MetadataBuildingProcess.java:201) ~[hibernate-core-7.2.7.Final.jar:7.2.7.Final]
	at org.hibernate.jpa.boot.internal.EntityManagerFactoryBuilderImpl.metadata(EntityManagerFactoryBuilderImpl.java:1392) ~[hibernate-core-7.2.7.Final.jar:7.2.7.Final]
	at org.hibernate.jpa.boot.internal.EntityManagerFactoryBuilderImpl.populateSessionFactoryBuilder(EntityManagerFactoryBuilderImpl.java:1472) ~[hibernate-core-7.2.7.Final.jar:7.2.7.Final]
	at org.hibernate.jpa.boot.internal.EntityManagerFactoryBuilderImpl.build(EntityManagerFactoryBuilderImpl.java:1454) ~[hibernate-core-7.2.7.Final.jar:7.2.7.Final]
	at org.springframework.orm.jpa.vendor.SpringHibernateJpaPersistenceProvider.createContainerEntityManagerFactory(SpringHibernateJpaPersistenceProvider.java:93) ~[spring-orm-7.0.6.jar:7.0.6]
	at org.springframework.orm.jpa.LocalContainerEntityManagerFactoryBean.createNativeEntityManagerFactory(LocalContainerEntityManagerFactoryBean.java:443) ~[spring-orm-7.0.6.jar:7.0.6]
	at org.springframework.orm.jpa.AbstractEntityManagerFactoryBean.buildNativeEntityManagerFactory(AbstractEntityManagerFactoryBean.java:436) ~[spring-orm-7.0.6.jar:7.0.6]
	at org.springframework.orm.jpa.AbstractEntityManagerFactoryBean.afterPropertiesSet(AbstractEntityManagerFactoryBean.java:411) ~[spring-orm-7.0.6.jar:7.0.6]
	at org.springframework.orm.jpa.LocalContainerEntityManagerFactoryBean.afterPropertiesSet(LocalContainerEntityManagerFactoryBean.java:419) ~[spring-orm-7.0.6.jar:7.0.6]
	at org.springframework.beans.factory.support.AbstractAutowireCapableBeanFactory.invokeInitMethods(AbstractAutowireCapableBeanFactory.java:1864) ~[spring-beans-7.0.6.jar:7.0.6]
	at org.springframework.beans.factory.support.AbstractAutowireCapableBeanFactory.initializeBean(AbstractAutowireCapableBeanFactory.java:1813) ~[spring-beans-7.0.6.jar:7.0.6]
	... 15 common frames omitted

2026-09-23 10:15:53.610  INFO 9756 --- [demo] [main] com.example.demo.DemoApplication         : Starting DemoApplication using Java 17.0.2 with PID 9756 (C:\Users\juanf\OneDrive\Desktop\parcial-avion-master (1)\parcial-avion-master\target\classes started by juanf in C:\Users\juanf\OneDrive\Desktop\parcial-avion-master (1)\parcial-avion-master)
2026-09-23 10:15:53.615  INFO 9756 --- [demo] [main] com.example.demo.DemoApplication         : No active profile set, falling back to 1 default profile: "default"
2026-09-23 10:15:54.363  INFO 9756 --- [demo] [main] .s.d.r.c.RepositoryConfigurationDelegate : Bootstrapping Spring Data JPA repositories in DEFAULT mode.
2026-09-23 10:15:54.466  INFO 9756 --- [demo] [main] .s.d.r.c.RepositoryConfigurationDelegate : Finished Spring Data repository scanning in 91 ms. Found 6 JPA repository interfaces.
2026-09-23 10:15:55.204  INFO 9756 --- [demo] [main] o.s.boot.tomcat.TomcatWebServer          : Tomcat initialized with port 8081 (http)
2026-09-23 10:15:55.232  INFO 9756 --- [demo] [main] o.apache.catalina.core.StandardService   : Starting service [Tomcat]
2026-09-23 10:15:55.233  INFO 9756 --- [demo] [main] o.apache.catalina.core.StandardEngine    : Starting Servlet engine: [Apache Tomcat/11.0.18]
2026-09-23 10:15:55.324  INFO 9756 --- [demo] [main] b.w.c.s.WebApplicationContextInitializer : Root WebApplicationContext: initialization completed in 1654 ms
2026-09-23 10:15:55.568  INFO 9756 --- [demo] [main] org.hibernate.orm.jpa                    : HHH008540: Processing PersistenceUnitInfo [name: default]
2026-09-23 10:15:55.658  INFO 9756 --- [demo] [main] org.hibernate.orm.core                   : HHH000001: Hibernate ORM core version 7.2.7.Final
2026-09-23 10:15:56.328  INFO 9756 --- [demo] [main] o.s.o.j.p.SpringPersistenceUnitInfo      : No LoadTimeWeaver setup: ignoring JPA class transformer
2026-09-23 10:15:56.383  INFO 9756 --- [demo] [main] com.zaxxer.hikari.HikariDataSource       : HikariPool-1 - Starting...
2026-09-23 10:15:56.698  INFO 9756 --- [demo] [main] com.zaxxer.hikari.pool.HikariPool        : HikariPool-1 - Added connection conn0: url=jdbc:h2:mem:db-test user=POSTGRES
2026-09-23 10:15:56.701  INFO 9756 --- [demo] [main] com.zaxxer.hikari.HikariDataSource       : HikariPool-1 - Start completed.
2026-09-23 10:15:56.776  INFO 9756 --- [demo] [main] org.hibernate.orm.connections.pooling    : HHH10001005: Database info:
	Database JDBC URL [jdbc:h2:mem:db-test]
	Database driver: H2 JDBC Driver
	Database dialect: H2Dialect
	Database version: 2.4.240
	Default catalog/schema: DB-TEST/PUBLIC
	Autocommit mode: undefined/unknown
	Isolation level: READ_COMMITTED [default READ_COMMITTED]
	JDBC fetch size: 100
	Pool: DataSourceConnectionProvider
	Minimum pool size: undefined/unknown
	Maximum pool size: undefined/unknown
2026-09-23 10:15:58.119  INFO 9756 --- [demo] [main] org.hibernate.orm.core                   : HHH000489: No JTA platform available (set 'hibernate.transaction.jta.platform' to enable JTA platform integration)
2026-09-23 10:15:58.240  INFO 9756 --- [demo] [main] j.LocalContainerEntityManagerFactoryBean : Initialized JPA EntityManagerFactory for persistence unit 'default'
2026-09-23 10:15:58.350  INFO 9756 --- [demo] [main] o.s.d.j.r.query.QueryEnhancerFactories   : Hibernate is in classpath; If applicable, HQL parser will be used.
2026-09-23 10:15:58.590  WARN 9756 --- [demo] [main] JpaBaseConfiguration$JpaWebConfiguration : spring.jpa.open-in-view is enabled by default. Therefore, database queries may be performed during view rendering. Explicitly configure spring.jpa.open-in-view to disable this warning
2026-09-23 10:15:59.032  INFO 9756 --- [demo] [main] o.s.b.h.a.H2ConsoleAutoConfiguration     : H2 console available at '/h2-console'. Database available at 'jdbc:h2:mem:db-test'
2026-09-23 10:15:59.060  WARN 9756 --- [demo] [main] ConfigServletWebServerApplicationContext : Exception encountered during context initialization - cancelling refresh attempt: org.springframework.beans.factory.BeanCreationException: Error creating bean with name 'dataSourceScriptDatabaseInitializer' defined in class path resource [org/springframework/boot/jdbc/autoconfigure/DataSourceInitializationAutoConfiguration.class]: Failed to execute SQL script statement #1 of file [C:\Users\juanf\OneDrive\Desktop\parcial-avion-master (1)\parcial-avion-master\target\classes\data.sql]: INSERT INTO airlines (id, name, country, iata_code) VALUES (1, 'Andes Air', 'Colombia', 'AN'), (2, 'Pacific Wings', 'USA', 'PW'), (3, 'Global Air', 'Spain', 'GA'), (4, 'Latam Connect', 'Chile', 'LC'), (5, 'Euro Sky', 'Germany', 'ES')
2026-09-23 10:15:59.063  INFO 9756 --- [demo] [main] j.LocalContainerEntityManagerFactoryBean : Closing JPA EntityManagerFactory for persistence unit 'default'
2026-09-23 10:15:59.074  INFO 9756 --- [demo] [main] com.zaxxer.hikari.HikariDataSource       : HikariPool-1 - Shutdown initiated...
2026-09-23 10:15:59.076  INFO 9756 --- [demo] [main] com.zaxxer.hikari.HikariDataSource       : HikariPool-1 - Shutdown completed.
2026-09-23 10:15:59.080  INFO 9756 --- [demo] [main] o.apache.catalina.core.StandardService   : Stopping service [Tomcat]
2026-09-23 10:15:59.092  INFO 9756 --- [demo] [main] .s.b.a.l.ConditionEvaluationReportLogger : 

Error starting ApplicationContext. To display the condition evaluation report re-run your application with 'debug' enabled.
2026-09-23 10:15:59.115 ERROR 9756 --- [demo] [main] o.s.boot.SpringApplication               : Application run failed

org.springframework.beans.factory.BeanCreationException: Error creating bean with name 'dataSourceScriptDatabaseInitializer' defined in class path resource [org/springframework/boot/jdbc/autoconfigure/DataSourceInitializationAutoConfiguration.class]: Failed to execute SQL script statement #1 of file [C:\Users\juanf\OneDrive\Desktop\parcial-avion-master (1)\parcial-avion-master\target\classes\data.sql]: INSERT INTO airlines (id, name, country, iata_code) VALUES (1, 'Andes Air', 'Colombia', 'AN'), (2, 'Pacific Wings', 'USA', 'PW'), (3, 'Global Air', 'Spain', 'GA'), (4, 'Latam Connect', 'Chile', 'LC'), (5, 'Euro Sky', 'Germany', 'ES')
	at org.springframework.beans.factory.support.AbstractAutowireCapableBeanFactory.initializeBean(AbstractAutowireCapableBeanFactory.java:1817) ~[spring-beans-7.0.6.jar:7.0.6]
	at org.springframework.beans.factory.support.AbstractAutowireCapableBeanFactory.doCreateBean(AbstractAutowireCapableBeanFactory.java:603) ~[spring-beans-7.0.6.jar:7.0.6]
	at org.springframework.beans.factory.support.AbstractAutowireCapableBeanFactory.createBean(AbstractAutowireCapableBeanFactory.java:525) ~[spring-beans-7.0.6.jar:7.0.6]
	at org.springframework.beans.factory.support.AbstractBeanFactory.lambda$doGetBean$0(AbstractBeanFactory.java:333) ~[spring-beans-7.0.6.jar:7.0.6]
	at org.springframework.beans.factory.support.DefaultSingletonBeanRegistry.getSingleton(DefaultSingletonBeanRegistry.java:371) ~[spring-beans-7.0.6.jar:7.0.6]
	at org.springframework.beans.factory.support.AbstractBeanFactory.doGetBean(AbstractBeanFactory.java:331) ~[spring-beans-7.0.6.jar:7.0.6]
	at org.springframework.beans.factory.support.AbstractBeanFactory.getBean(AbstractBeanFactory.java:196) ~[spring-beans-7.0.6.jar:7.0.6]
	at org.springframework.beans.factory.support.DefaultListableBeanFactory.instantiateSingleton(DefaultListableBeanFactory.java:1218) ~[spring-beans-7.0.6.jar:7.0.6]
	at org.springframework.beans.factory.support.DefaultListableBeanFactory.preInstantiateSingleton(DefaultListableBeanFactory.java:1184) ~[spring-beans-7.0.6.jar:7.0.6]
	at org.springframework.beans.factory.support.DefaultListableBeanFactory.preInstantiateSingletons(DefaultListableBeanFactory.java:1121) ~[spring-beans-7.0.6.jar:7.0.6]
	at org.springframework.context.support.AbstractApplicationContext.finishBeanFactoryInitialization(AbstractApplicationContext.java:994) ~[spring-context-7.0.6.jar:7.0.6]
	at org.springframework.context.support.AbstractApplicationContext.refresh(AbstractApplicationContext.java:621) ~[spring-context-7.0.6.jar:7.0.6]
	at org.springframework.boot.web.server.servlet.context.ServletWebServerApplicationContext.refresh(ServletWebServerApplicationContext.java:143) ~[spring-boot-web-server-4.0.4.jar:4.0.4]
	at org.springframework.boot.SpringApplication.refresh(SpringApplication.java:756) ~[spring-boot-4.0.4.jar:4.0.4]
	at org.springframework.boot.SpringApplication.refreshContext(SpringApplication.java:445) ~[spring-boot-4.0.4.jar:4.0.4]
	at org.springframework.boot.SpringApplication.run(SpringApplication.java:321) ~[spring-boot-4.0.4.jar:4.0.4]
	at org.springframework.boot.SpringApplication.run(SpringApplication.java:1365) ~[spring-boot-4.0.4.jar:4.0.4]
	at org.springframework.boot.SpringApplication.run(SpringApplication.java:1354) ~[spring-boot-4.0.4.jar:4.0.4]
	at com.example.demo.DemoApplication.main(DemoApplication.java:10) ~[classes/:na]
Caused by: org.springframework.jdbc.datasource.init.ScriptStatementFailedException: Failed to execute SQL script statement #1 of file [C:\Users\juanf\OneDrive\Desktop\parcial-avion-master (1)\parcial-avion-master\target\classes\data.sql]: INSERT INTO airlines (id, name, country, iata_code) VALUES (1, 'Andes Air', 'Colombia', 'AN'), (2, 'Pacific Wings', 'USA', 'PW'), (3, 'Global Air', 'Spain', 'GA'), (4, 'Latam Connect', 'Chile', 'LC'), (5, 'Euro Sky', 'Germany', 'ES')
	at org.springframework.jdbc.datasource.init.ScriptUtils.executeSqlScript(ScriptUtils.java:293) ~[spring-jdbc-7.0.6.jar:7.0.6]
	at org.springframework.jdbc.datasource.init.ResourceDatabasePopulator.populate(ResourceDatabasePopulator.java:254) ~[spring-jdbc-7.0.6.jar:7.0.6]
	at org.springframework.jdbc.datasource.init.DatabasePopulatorUtils.execute(DatabasePopulatorUtils.java:54) ~[spring-jdbc-7.0.6.jar:7.0.6]
	at org.springframework.boot.jdbc.init.DataSourceScriptDatabaseInitializer.runScripts(DataSourceScriptDatabaseInitializer.java:87) ~[spring-boot-jdbc-4.0.4.jar:4.0.4]
	at org.springframework.boot.sql.init.AbstractScriptDatabaseInitializer.runScripts(AbstractScriptDatabaseInitializer.java:159) ~[spring-boot-sql-4.0.4.jar:4.0.4]
	at org.springframework.boot.sql.init.AbstractScriptDatabaseInitializer.applyScripts(AbstractScriptDatabaseInitializer.java:120) ~[spring-boot-sql-4.0.4.jar:4.0.4]
	at org.springframework.boot.sql.init.AbstractScriptDatabaseInitializer.applyDataScripts(AbstractScriptDatabaseInitializer.java:113) ~[spring-boot-sql-4.0.4.jar:4.0.4]
	at org.springframework.boot.sql.init.AbstractScriptDatabaseInitializer.initializeDatabase(AbstractScriptDatabaseInitializer.java:88) ~[spring-boot-sql-4.0.4.jar:4.0.4]
	at org.springframework.boot.sql.init.AbstractScriptDatabaseInitializer.afterPropertiesSet(AbstractScriptDatabaseInitializer.java:77) ~[spring-boot-sql-4.0.4.jar:4.0.4]
	at org.springframework.beans.factory.support.AbstractAutowireCapableBeanFactory.invokeInitMethods(AbstractAutowireCapableBeanFactory.java:1864) ~[spring-beans-7.0.6.jar:7.0.6]
	at org.springframework.beans.factory.support.AbstractAutowireCapableBeanFactory.initializeBean(AbstractAutowireCapableBeanFactory.java:1813) ~[spring-beans-7.0.6.jar:7.0.6]
	... 18 common frames omitted
Caused by: org.h2.jdbc.JdbcSQLSyntaxErrorException: Tabla "AIRLINES" no encontrada
Table "AIRLINES" not found; SQL statement:
INSERT INTO airlines (id, name, country, iata_code) VALUES (1, 'Andes Air', 'Colombia', 'AN'), (2, 'Pacific Wings', 'USA', 'PW'), (3, 'Global Air', 'Spain', 'GA'), (4, 'Latam Connect', 'Chile', 'LC'), (5, 'Euro Sky', 'Germany', 'ES') [42102-240]
	at org.h2.message.DbException.getJdbcSQLException(DbException.java:514) ~[h2-2.4.240.jar:2.4.240]
	at org.h2.message.DbException.getJdbcSQLException(DbException.java:489) ~[h2-2.4.240.jar:2.4.240]
	at org.h2.message.DbException.get(DbException.java:223) ~[h2-2.4.240.jar:2.4.240]
	at org.h2.message.DbException.get(DbException.java:199) ~[h2-2.4.240.jar:2.4.240]
	at org.h2.command.Parser.getTableOrViewNotFoundDbException(Parser.java:8049) ~[h2-2.4.240.jar:2.4.240]
	at org.h2.command.Parser.getTableOrViewNotFoundDbException(Parser.java:8020) ~[h2-2.4.240.jar:2.4.240]
	at org.h2.command.Parser.readTableOrView(Parser.java:7999) ~[h2-2.4.240.jar:2.4.240]
	at org.h2.command.Parser.readTableOrView(Parser.java:7961) ~[h2-2.4.240.jar:2.4.240]
	at org.h2.command.Parser.parseInsert(Parser.java:1524) ~[h2-2.4.240.jar:2.4.240]
	at org.h2.command.Parser.parsePrepared(Parser.java:701) ~[h2-2.4.240.jar:2.4.240]
	at org.h2.command.Parser.parse(Parser.java:584) ~[h2-2.4.240.jar:2.4.240]
	at org.h2.command.Parser.parse(Parser.java:559) ~[h2-2.4.240.jar:2.4.240]
	at org.h2.command.Parser.prepareCommand(Parser.java:487) ~[h2-2.4.240.jar:2.4.240]
	at org.h2.engine.SessionLocal.prepareLocal(SessionLocal.java:647) ~[h2-2.4.240.jar:2.4.240]
	at org.h2.engine.SessionLocal.prepareCommand(SessionLocal.java:563) ~[h2-2.4.240.jar:2.4.240]
	at org.h2.jdbc.JdbcConnection.prepareCommand(JdbcConnection.java:1160) ~[h2-2.4.240.jar:2.4.240]
	at org.h2.jdbc.JdbcStatement.executeInternal(JdbcStatement.java:245) ~[h2-2.4.240.jar:2.4.240]
	at org.h2.jdbc.JdbcStatement.execute(JdbcStatement.java:231) ~[h2-2.4.240.jar:2.4.240]
	at com.zaxxer.hikari.pool.ProxyStatement.execute(ProxyStatement.java:95) ~[HikariCP-7.0.2.jar:na]
	at com.zaxxer.hikari.pool.HikariProxyStatement.execute(HikariProxyStatement.java) ~[HikariCP-7.0.2.jar:na]
	at org.springframework.jdbc.datasource.init.ScriptUtils.executeSqlScript(ScriptUtils.java:261) ~[spring-jdbc-7.0.6.jar:7.0.6]
	... 28 common frames omitted

2026-09-23 10:19:05.731  INFO 20180 --- [demo] [main] com.example.demo.DemoApplication         : Starting DemoApplication using Java 17.0.2 with PID 20180 (C:\Users\juanf\OneDrive\Desktop\parcial-avion-master (1)\parcial-avion-master\target\classes started by juanf in C:\Users\juanf\OneDrive\Desktop\parcial-avion-master (1)\parcial-avion-master)
2026-09-23 10:19:05.737  INFO 20180 --- [demo] [main] com.example.demo.DemoApplication         : No active profile set, falling back to 1 default profile: "default"
2026-09-23 10:19:06.449  INFO 20180 --- [demo] [main] .s.d.r.c.RepositoryConfigurationDelegate : Bootstrapping Spring Data JPA repositories in DEFAULT mode.
2026-09-23 10:19:06.540  INFO 20180 --- [demo] [main] .s.d.r.c.RepositoryConfigurationDelegate : Finished Spring Data repository scanning in 78 ms. Found 6 JPA repository interfaces.
2026-09-23 10:19:07.173  INFO 20180 --- [demo] [main] o.s.boot.tomcat.TomcatWebServer          : Tomcat initialized with port 8081 (http)
2026-09-23 10:19:07.195  INFO 20180 --- [demo] [main] o.apache.catalina.core.StandardService   : Starting service [Tomcat]
2026-09-23 10:19:07.195  INFO 20180 --- [demo] [main] o.apache.catalina.core.StandardEngine    : Starting Servlet engine: [Apache Tomcat/11.0.18]
2026-09-23 10:19:07.271  INFO 20180 --- [demo] [main] b.w.c.s.WebApplicationContextInitializer : Root WebApplicationContext: initialization completed in 1470 ms
2026-09-23 10:19:07.468  INFO 20180 --- [demo] [main] org.hibernate.orm.jpa                    : HHH008540: Processing PersistenceUnitInfo [name: default]
2026-09-23 10:19:07.577  INFO 20180 --- [demo] [main] org.hibernate.orm.core                   : HHH000001: Hibernate ORM core version 7.2.7.Final
2026-09-23 10:19:08.105  INFO 20180 --- [demo] [main] o.s.o.j.p.SpringPersistenceUnitInfo      : No LoadTimeWeaver setup: ignoring JPA class transformer
2026-09-23 10:19:08.166  INFO 20180 --- [demo] [main] com.zaxxer.hikari.HikariDataSource       : HikariPool-1 - Starting...
2026-09-23 10:19:08.360  INFO 20180 --- [demo] [main] com.zaxxer.hikari.pool.HikariPool        : HikariPool-1 - Added connection conn0: url=jdbc:h2:mem:db-test user=POSTGRES
2026-09-23 10:19:08.365  INFO 20180 --- [demo] [main] com.zaxxer.hikari.HikariDataSource       : HikariPool-1 - Start completed.
2026-09-23 10:19:08.434  INFO 20180 --- [demo] [main] org.hibernate.orm.connections.pooling    : HHH10001005: Database info:
	Database JDBC URL [jdbc:h2:mem:db-test]
	Database driver: H2 JDBC Driver
	Database dialect: H2Dialect
	Database version: 2.4.240
	Default catalog/schema: DB-TEST/PUBLIC
	Autocommit mode: undefined/unknown
	Isolation level: READ_COMMITTED [default READ_COMMITTED]
	JDBC fetch size: 100
	Pool: DataSourceConnectionProvider
	Minimum pool size: undefined/unknown
	Maximum pool size: undefined/unknown
2026-09-23 10:19:09.537  INFO 20180 --- [demo] [main] org.hibernate.orm.core                   : HHH000489: No JTA platform available (set 'hibernate.transaction.jta.platform' to enable JTA platform integration)
2026-09-23 10:19:09.623  INFO 20180 --- [demo] [main] j.LocalContainerEntityManagerFactoryBean : Initialized JPA EntityManagerFactory for persistence unit 'default'
2026-09-23 10:19:09.709  INFO 20180 --- [demo] [main] o.s.d.j.r.query.QueryEnhancerFactories   : Hibernate is in classpath; If applicable, HQL parser will be used.
2026-09-23 10:19:09.916  WARN 20180 --- [demo] [main] JpaBaseConfiguration$JpaWebConfiguration : spring.jpa.open-in-view is enabled by default. Therefore, database queries may be performed during view rendering. Explicitly configure spring.jpa.open-in-view to disable this warning
2026-09-23 10:19:10.222  INFO 20180 --- [demo] [main] o.s.b.h.a.H2ConsoleAutoConfiguration     : H2 console available at '/h2-console'. Database available at 'jdbc:h2:mem:db-test'
2026-09-23 10:19:10.261  WARN 20180 --- [demo] [main] ConfigServletWebServerApplicationContext : Exception encountered during context initialization - cancelling refresh attempt: org.springframework.beans.factory.BeanCreationException: Error creating bean with name 'dataSourceScriptDatabaseInitializer' defined in class path resource [org/springframework/boot/jdbc/autoconfigure/DataSourceInitializationAutoConfiguration.class]: Failed to execute SQL script statement #4 of file [C:\Users\juanf\OneDrive\Desktop\parcial-avion-master (1)\parcial-avion-master\target\classes\data.sql]: INSERT INTO flights (id, flight_number, departure_date, arrival_date, estimated_passengers, airplane_id, origin_airport_id, destination_airport_id) VALUES (1, 'AN101', '2026-03-01 07:00:00', '2026-03-01 13:00:00', 168, 1, 1, 2), (2, 'AN102', '2026-03-02 09:15:00', '2026-03-02 13:45:00', 162, 2, 1, 10), (3, 'AN201', '2026-03-03 14:10:00', '2026-03-03 19:50:00', 156, 1, 2, 1), (4, 'PW301', '2026-03-04 08:30:00', '2026-03-04 14:20:00', 248, 3, 3, 1), (5, 'PW302', '2026-03-05 16:00:00', '2026-03-05 20:50:00', 252, 4, 10, 1), (6, 'GA401', '2026-03-06 11:40:00', '2026-03-06 18:20:00', 300, 5, 4, 1), (7, 'GA402', '2026-03-07 21:30:00', '2026-03-08 05:45:00', 280, 6, 1, 4), (8, 'LC501', '2026-03-09 06:20:00', '2026-03-09 10:10:00', 198, 7, 7, 1), (9, 'LC502', '2026-03-10 15:35:00', '2026-03-10 19:50:00', 190, 8, 1, 7), (10, 'ES601', '2026-03-11 13:25:00', '2026-03-11 17:55:00', 132, 9, 6, 1), (11, 'ES602', '2026-03-12 18:40:00', '2026-03-13 00:10:00', 170, 10, 1, 5), (12, 'AN103', '2026-03-13 07:25:00', '2026-03-13 10:40:00', 149, 2, 1, 9), (13, 'PW303', '2026-03-14 09:50:00', '2026-03-14 13:20:00', 242, 3, 8, 1), (14, 'GA403', '2026-03-15 05:15:00', '2026-03-15 12:30:00', 310, 5, 5, 1), (15, 'LC503', '2026-03-16 10:45:00', '2026-03-16 14:05:00', 202, 7, 9, 1), (16, 'ES603', '2026-03-17 12:30:00', '2026-03-17 16:20:00', 136, 9, 1, 6), (17, 'AN104', '2026-03-18 20:05:00', '2026-03-19 00:25:00', 175, 1, 1, 8), (18, 'PW304', '2026-03-19 06:55:00', '2026-03-19 11:35:00', 244, 4, 2, 1), (19, 'GA404', '2026-03-20 17:10:00', '2026-03-20 23:50:00', 305, 6, 1, 2), (20, 'LC504', '2026-03-21 09:00:00', '2026-03-21 12:20:00', 205, 8, 1, 3)
2026-09-23 10:19:10.263  INFO 20180 --- [demo] [main] j.LocalContainerEntityManagerFactoryBean : Closing JPA EntityManagerFactory for persistence unit 'default'
2026-09-23 10:19:10.271  INFO 20180 --- [demo] [main] com.zaxxer.hikari.HikariDataSource       : HikariPool-1 - Shutdown initiated...
2026-09-23 10:19:10.274  INFO 20180 --- [demo] [main] com.zaxxer.hikari.HikariDataSource       : HikariPool-1 - Shutdown completed.
2026-09-23 10:19:10.277  INFO 20180 --- [demo] [main] o.apache.catalina.core.StandardService   : Stopping service [Tomcat]
2026-09-23 10:19:10.289  INFO 20180 --- [demo] [main] .s.b.a.l.ConditionEvaluationReportLogger : 

Error starting ApplicationContext. To display the condition evaluation report re-run your application with 'debug' enabled.
2026-09-23 10:19:10.316 ERROR 20180 --- [demo] [main] o.s.boot.SpringApplication               : Application run failed

org.springframework.beans.factory.BeanCreationException: Error creating bean with name 'dataSourceScriptDatabaseInitializer' defined in class path resource [org/springframework/boot/jdbc/autoconfigure/DataSourceInitializationAutoConfiguration.class]: Failed to execute SQL script statement #4 of file [C:\Users\juanf\OneDrive\Desktop\parcial-avion-master (1)\parcial-avion-master\target\classes\data.sql]: INSERT INTO flights (id, flight_number, departure_date, arrival_date, estimated_passengers, airplane_id, origin_airport_id, destination_airport_id) VALUES (1, 'AN101', '2026-03-01 07:00:00', '2026-03-01 13:00:00', 168, 1, 1, 2), (2, 'AN102', '2026-03-02 09:15:00', '2026-03-02 13:45:00', 162, 2, 1, 10), (3, 'AN201', '2026-03-03 14:10:00', '2026-03-03 19:50:00', 156, 1, 2, 1), (4, 'PW301', '2026-03-04 08:30:00', '2026-03-04 14:20:00', 248, 3, 3, 1), (5, 'PW302', '2026-03-05 16:00:00', '2026-03-05 20:50:00', 252, 4, 10, 1), (6, 'GA401', '2026-03-06 11:40:00', '2026-03-06 18:20:00', 300, 5, 4, 1), (7, 'GA402', '2026-03-07 21:30:00', '2026-03-08 05:45:00', 280, 6, 1, 4), (8, 'LC501', '2026-03-09 06:20:00', '2026-03-09 10:10:00', 198, 7, 7, 1), (9, 'LC502', '2026-03-10 15:35:00', '2026-03-10 19:50:00', 190, 8, 1, 7), (10, 'ES601', '2026-03-11 13:25:00', '2026-03-11 17:55:00', 132, 9, 6, 1), (11, 'ES602', '2026-03-12 18:40:00', '2026-03-13 00:10:00', 170, 10, 1, 5), (12, 'AN103', '2026-03-13 07:25:00', '2026-03-13 10:40:00', 149, 2, 1, 9), (13, 'PW303', '2026-03-14 09:50:00', '2026-03-14 13:20:00', 242, 3, 8, 1), (14, 'GA403', '2026-03-15 05:15:00', '2026-03-15 12:30:00', 310, 5, 5, 1), (15, 'LC503', '2026-03-16 10:45:00', '2026-03-16 14:05:00', 202, 7, 9, 1), (16, 'ES603', '2026-03-17 12:30:00', '2026-03-17 16:20:00', 136, 9, 1, 6), (17, 'AN104', '2026-03-18 20:05:00', '2026-03-19 00:25:00', 175, 1, 1, 8), (18, 'PW304', '2026-03-19 06:55:00', '2026-03-19 11:35:00', 244, 4, 2, 1), (19, 'GA404', '2026-03-20 17:10:00', '2026-03-20 23:50:00', 305, 6, 1, 2), (20, 'LC504', '2026-03-21 09:00:00', '2026-03-21 12:20:00', 205, 8, 1, 3)
	at org.springframework.beans.factory.support.AbstractAutowireCapableBeanFactory.initializeBean(AbstractAutowireCapableBeanFactory.java:1817) ~[spring-beans-7.0.6.jar:7.0.6]
	at org.springframework.beans.factory.support.AbstractAutowireCapableBeanFactory.doCreateBean(AbstractAutowireCapableBeanFactory.java:603) ~[spring-beans-7.0.6.jar:7.0.6]
	at org.springframework.beans.factory.support.AbstractAutowireCapableBeanFactory.createBean(AbstractAutowireCapableBeanFactory.java:525) ~[spring-beans-7.0.6.jar:7.0.6]
	at org.springframework.beans.factory.support.AbstractBeanFactory.lambda$doGetBean$0(AbstractBeanFactory.java:333) ~[spring-beans-7.0.6.jar:7.0.6]
	at org.springframework.beans.factory.support.DefaultSingletonBeanRegistry.getSingleton(DefaultSingletonBeanRegistry.java:371) ~[spring-beans-7.0.6.jar:7.0.6]
	at org.springframework.beans.factory.support.AbstractBeanFactory.doGetBean(AbstractBeanFactory.java:331) ~[spring-beans-7.0.6.jar:7.0.6]
	at org.springframework.beans.factory.support.AbstractBeanFactory.getBean(AbstractBeanFactory.java:196) ~[spring-beans-7.0.6.jar:7.0.6]
	at org.springframework.beans.factory.support.DefaultListableBeanFactory.instantiateSingleton(DefaultListableBeanFactory.java:1218) ~[spring-beans-7.0.6.jar:7.0.6]
	at org.springframework.beans.factory.support.DefaultListableBeanFactory.preInstantiateSingleton(DefaultListableBeanFactory.java:1184) ~[spring-beans-7.0.6.jar:7.0.6]
	at org.springframework.beans.factory.support.DefaultListableBeanFactory.preInstantiateSingletons(DefaultListableBeanFactory.java:1121) ~[spring-beans-7.0.6.jar:7.0.6]
	at org.springframework.context.support.AbstractApplicationContext.finishBeanFactoryInitialization(AbstractApplicationContext.java:994) ~[spring-context-7.0.6.jar:7.0.6]
	at org.springframework.context.support.AbstractApplicationContext.refresh(AbstractApplicationContext.java:621) ~[spring-context-7.0.6.jar:7.0.6]
	at org.springframework.boot.web.server.servlet.context.ServletWebServerApplicationContext.refresh(ServletWebServerApplicationContext.java:143) ~[spring-boot-web-server-4.0.4.jar:4.0.4]
	at org.springframework.boot.SpringApplication.refresh(SpringApplication.java:756) ~[spring-boot-4.0.4.jar:4.0.4]
	at org.springframework.boot.SpringApplication.refreshContext(SpringApplication.java:445) ~[spring-boot-4.0.4.jar:4.0.4]
	at org.springframework.boot.SpringApplication.run(SpringApplication.java:321) ~[spring-boot-4.0.4.jar:4.0.4]
	at org.springframework.boot.SpringApplication.run(SpringApplication.java:1365) ~[spring-boot-4.0.4.jar:4.0.4]
	at org.springframework.boot.SpringApplication.run(SpringApplication.java:1354) ~[spring-boot-4.0.4.jar:4.0.4]
	at com.example.demo.DemoApplication.main(DemoApplication.java:10) ~[classes/:na]
Caused by: org.springframework.jdbc.datasource.init.ScriptStatementFailedException: Failed to execute SQL script statement #4 of file [C:\Users\juanf\OneDrive\Desktop\parcial-avion-master (1)\parcial-avion-master\target\classes\data.sql]: INSERT INTO flights (id, flight_number, departure_date, arrival_date, estimated_passengers, airplane_id, origin_airport_id, destination_airport_id) VALUES (1, 'AN101', '2026-03-01 07:00:00', '2026-03-01 13:00:00', 168, 1, 1, 2), (2, 'AN102', '2026-03-02 09:15:00', '2026-03-02 13:45:00', 162, 2, 1, 10), (3, 'AN201', '2026-03-03 14:10:00', '2026-03-03 19:50:00', 156, 1, 2, 1), (4, 'PW301', '2026-03-04 08:30:00', '2026-03-04 14:20:00', 248, 3, 3, 1), (5, 'PW302', '2026-03-05 16:00:00', '2026-03-05 20:50:00', 252, 4, 10, 1), (6, 'GA401', '2026-03-06 11:40:00', '2026-03-06 18:20:00', 300, 5, 4, 1), (7, 'GA402', '2026-03-07 21:30:00', '2026-03-08 05:45:00', 280, 6, 1, 4), (8, 'LC501', '2026-03-09 06:20:00', '2026-03-09 10:10:00', 198, 7, 7, 1), (9, 'LC502', '2026-03-10 15:35:00', '2026-03-10 19:50:00', 190, 8, 1, 7), (10, 'ES601', '2026-03-11 13:25:00', '2026-03-11 17:55:00', 132, 9, 6, 1), (11, 'ES602', '2026-03-12 18:40:00', '2026-03-13 00:10:00', 170, 10, 1, 5), (12, 'AN103', '2026-03-13 07:25:00', '2026-03-13 10:40:00', 149, 2, 1, 9), (13, 'PW303', '2026-03-14 09:50:00', '2026-03-14 13:20:00', 242, 3, 8, 1), (14, 'GA403', '2026-03-15 05:15:00', '2026-03-15 12:30:00', 310, 5, 5, 1), (15, 'LC503', '2026-03-16 10:45:00', '2026-03-16 14:05:00', 202, 7, 9, 1), (16, 'ES603', '2026-03-17 12:30:00', '2026-03-17 16:20:00', 136, 9, 1, 6), (17, 'AN104', '2026-03-18 20:05:00', '2026-03-19 00:25:00', 175, 1, 1, 8), (18, 'PW304', '2026-03-19 06:55:00', '2026-03-19 11:35:00', 244, 4, 2, 1), (19, 'GA404', '2026-03-20 17:10:00', '2026-03-20 23:50:00', 305, 6, 1, 2), (20, 'LC504', '2026-03-21 09:00:00', '2026-03-21 12:20:00', 205, 8, 1, 3)
	at org.springframework.jdbc.datasource.init.ScriptUtils.executeSqlScript(ScriptUtils.java:293) ~[spring-jdbc-7.0.6.jar:7.0.6]
	at org.springframework.jdbc.datasource.init.ResourceDatabasePopulator.populate(ResourceDatabasePopulator.java:254) ~[spring-jdbc-7.0.6.jar:7.0.6]
	at org.springframework.jdbc.datasource.init.DatabasePopulatorUtils.execute(DatabasePopulatorUtils.java:54) ~[spring-jdbc-7.0.6.jar:7.0.6]
	at org.springframework.boot.jdbc.init.DataSourceScriptDatabaseInitializer.runScripts(DataSourceScriptDatabaseInitializer.java:87) ~[spring-boot-jdbc-4.0.4.jar:4.0.4]
	at org.springframework.boot.sql.init.AbstractScriptDatabaseInitializer.runScripts(AbstractScriptDatabaseInitializer.java:159) ~[spring-boot-sql-4.0.4.jar:4.0.4]
	at org.springframework.boot.sql.init.AbstractScriptDatabaseInitializer.applyScripts(AbstractScriptDatabaseInitializer.java:120) ~[spring-boot-sql-4.0.4.jar:4.0.4]
	at org.springframework.boot.sql.init.AbstractScriptDatabaseInitializer.applyDataScripts(AbstractScriptDatabaseInitializer.java:113) ~[spring-boot-sql-4.0.4.jar:4.0.4]
	at org.springframework.boot.sql.init.AbstractScriptDatabaseInitializer.initializeDatabase(AbstractScriptDatabaseInitializer.java:88) ~[spring-boot-sql-4.0.4.jar:4.0.4]
	at org.springframework.boot.sql.init.AbstractScriptDatabaseInitializer.afterPropertiesSet(AbstractScriptDatabaseInitializer.java:77) ~[spring-boot-sql-4.0.4.jar:4.0.4]
	at org.springframework.beans.factory.support.AbstractAutowireCapableBeanFactory.invokeInitMethods(AbstractAutowireCapableBeanFactory.java:1864) ~[spring-beans-7.0.6.jar:7.0.6]
	at org.springframework.beans.factory.support.AbstractAutowireCapableBeanFactory.initializeBean(AbstractAutowireCapableBeanFactory.java:1813) ~[spring-beans-7.0.6.jar:7.0.6]
	... 18 common frames omitted
Caused by: org.h2.jdbc.JdbcSQLSyntaxErrorException: Columna "ESTIMATED_PASSENGERS" no encontrada
Column "ESTIMATED_PASSENGERS" not found; SQL statement:
INSERT INTO flights (id, flight_number, departure_date, arrival_date, estimated_passengers, airplane_id, origin_airport_id, destination_airport_id) VALUES (1, 'AN101', '2026-03-01 07:00:00', '2026-03-01 13:00:00', 168, 1, 1, 2), (2, 'AN102', '2026-03-02 09:15:00', '2026-03-02 13:45:00', 162, 2, 1, 10), (3, 'AN201', '2026-03-03 14:10:00', '2026-03-03 19:50:00', 156, 1, 2, 1), (4, 'PW301', '2026-03-04 08:30:00', '2026-03-04 14:20:00', 248, 3, 3, 1), (5, 'PW302', '2026-03-05 16:00:00', '2026-03-05 20:50:00', 252, 4, 10, 1), (6, 'GA401', '2026-03-06 11:40:00', '2026-03-06 18:20:00', 300, 5, 4, 1), (7, 'GA402', '2026-03-07 21:30:00', '2026-03-08 05:45:00', 280, 6, 1, 4), (8, 'LC501', '2026-03-09 06:20:00', '2026-03-09 10:10:00', 198, 7, 7, 1), (9, 'LC502', '2026-03-10 15:35:00', '2026-03-10 19:50:00', 190, 8, 1, 7), (10, 'ES601', '2026-03-11 13:25:00', '2026-03-11 17:55:00', 132, 9, 6, 1), (11, 'ES602', '2026-03-12 18:40:00', '2026-03-13 00:10:00', 170, 10, 1, 5), (12, 'AN103', '2026-03-13 07:25:00', '2026-03-13 10:40:00', 149, 2, 1, 9), (13, 'PW303', '2026-03-14 09:50:00', '2026-03-14 13:20:00', 242, 3, 8, 1), (14, 'GA403', '2026-03-15 05:15:00', '2026-03-15 12:30:00', 310, 5, 5, 1), (15, 'LC503', '2026-03-16 10:45:00', '2026-03-16 14:05:00', 202, 7, 9, 1), (16, 'ES603', '2026-03-17 12:30:00', '2026-03-17 16:20:00', 136, 9, 1, 6), (17, 'AN104', '2026-03-18 20:05:00', '2026-03-19 00:25:00', 175, 1, 1, 8), (18, 'PW304', '2026-03-19 06:55:00', '2026-03-19 11:35:00', 244, 4, 2, 1), (19, 'GA404', '2026-03-20 17:10:00', '2026-03-20 23:50:00', 305, 6, 1, 2), (20, 'LC504', '2026-03-21 09:00:00', '2026-03-21 12:20:00', 205, 8, 1, 3) [42122-240]
	at org.h2.message.DbException.getJdbcSQLException(DbException.java:514) ~[h2-2.4.240.jar:2.4.240]
	at org.h2.message.DbException.getJdbcSQLException(DbException.java:489) ~[h2-2.4.240.jar:2.4.240]
	at org.h2.message.DbException.get(DbException.java:223) ~[h2-2.4.240.jar:2.4.240]
	at org.h2.message.DbException.get(DbException.java:199) ~[h2-2.4.240.jar:2.4.240]
	at org.h2.table.Table.getColumn(Table.java:778) ~[h2-2.4.240.jar:2.4.240]
	at org.h2.command.Parser.parseColumn(Parser.java:1174) ~[h2-2.4.240.jar:2.4.240]
	at org.h2.command.Parser.parseColumnList(Parser.java:1159) ~[h2-2.4.240.jar:2.4.240]
	at org.h2.command.Parser.parseInsert(Parser.java:1533) ~[h2-2.4.240.jar:2.4.240]
	at org.h2.command.Parser.parsePrepared(Parser.java:701) ~[h2-2.4.240.jar:2.4.240]
	at org.h2.command.Parser.parse(Parser.java:584) ~[h2-2.4.240.jar:2.4.240]
	at org.h2.command.Parser.parse(Parser.java:559) ~[h2-2.4.240.jar:2.4.240]
	at org.h2.command.Parser.prepareCommand(Parser.java:487) ~[h2-2.4.240.jar:2.4.240]
	at org.h2.engine.SessionLocal.prepareLocal(SessionLocal.java:647) ~[h2-2.4.240.jar:2.4.240]
	at org.h2.engine.SessionLocal.prepareCommand(SessionLocal.java:563) ~[h2-2.4.240.jar:2.4.240]
	at org.h2.jdbc.JdbcConnection.prepareCommand(JdbcConnection.java:1160) ~[h2-2.4.240.jar:2.4.240]
	at org.h2.jdbc.JdbcStatement.executeInternal(JdbcStatement.java:245) ~[h2-2.4.240.jar:2.4.240]
	at org.h2.jdbc.JdbcStatement.execute(JdbcStatement.java:231) ~[h2-2.4.240.jar:2.4.240]
	at com.zaxxer.hikari.pool.ProxyStatement.execute(ProxyStatement.java:95) ~[HikariCP-7.0.2.jar:na]
	at com.zaxxer.hikari.pool.HikariProxyStatement.execute(HikariProxyStatement.java) ~[HikariCP-7.0.2.jar:na]
	at org.springframework.jdbc.datasource.init.ScriptUtils.executeSqlScript(ScriptUtils.java:261) ~[spring-jdbc-7.0.6.jar:7.0.6]
	... 28 common frames omitted

2026-09-23 10:20:28.992  INFO 22656 --- [demo] [main] com.example.demo.DemoApplication         : Starting DemoApplication using Java 17.0.2 with PID 22656 (C:\Users\juanf\OneDrive\Desktop\parcial-avion-master (1)\parcial-avion-master\target\classes started by juanf in C:\Users\juanf\OneDrive\Desktop\parcial-avion-master (1)\parcial-avion-master)
2026-09-23 10:20:28.997  INFO 22656 --- [demo] [main] com.example.demo.DemoApplication         : No active profile set, falling back to 1 default profile: "default"
2026-09-23 10:20:29.774  INFO 22656 --- [demo] [main] .s.d.r.c.RepositoryConfigurationDelegate : Bootstrapping Spring Data JPA repositories in DEFAULT mode.
2026-09-23 10:20:29.870  INFO 22656 --- [demo] [main] .s.d.r.c.RepositoryConfigurationDelegate : Finished Spring Data repository scanning in 83 ms. Found 6 JPA repository interfaces.
2026-09-23 10:20:30.505  INFO 22656 --- [demo] [main] o.s.boot.tomcat.TomcatWebServer          : Tomcat initialized with port 8081 (http)
2026-09-23 10:20:30.522  INFO 22656 --- [demo] [main] o.apache.catalina.core.StandardService   : Starting service [Tomcat]
2026-09-23 10:20:30.523  INFO 22656 --- [demo] [main] o.apache.catalina.core.StandardEngine    : Starting Servlet engine: [Apache Tomcat/11.0.18]
2026-09-23 10:20:30.599  INFO 22656 --- [demo] [main] b.w.c.s.WebApplicationContextInitializer : Root WebApplicationContext: initialization completed in 1542 ms
2026-09-23 10:20:30.807  INFO 22656 --- [demo] [main] org.hibernate.orm.jpa                    : HHH008540: Processing PersistenceUnitInfo [name: default]
2026-09-23 10:20:30.870  INFO 22656 --- [demo] [main] org.hibernate.orm.core                   : HHH000001: Hibernate ORM core version 7.2.7.Final
2026-09-23 10:20:31.450  INFO 22656 --- [demo] [main] o.s.o.j.p.SpringPersistenceUnitInfo      : No LoadTimeWeaver setup: ignoring JPA class transformer
2026-09-23 10:20:31.504  INFO 22656 --- [demo] [main] com.zaxxer.hikari.HikariDataSource       : HikariPool-1 - Starting...
2026-09-23 10:20:31.716  INFO 22656 --- [demo] [main] com.zaxxer.hikari.pool.HikariPool        : HikariPool-1 - Added connection conn0: url=jdbc:h2:mem:db-test user=POSTGRES
2026-09-23 10:20:31.719  INFO 22656 --- [demo] [main] com.zaxxer.hikari.HikariDataSource       : HikariPool-1 - Start completed.
2026-09-23 10:20:31.786  INFO 22656 --- [demo] [main] org.hibernate.orm.connections.pooling    : HHH10001005: Database info:
	Database JDBC URL [jdbc:h2:mem:db-test]
	Database driver: H2 JDBC Driver
	Database dialect: H2Dialect
	Database version: 2.4.240
	Default catalog/schema: DB-TEST/PUBLIC
	Autocommit mode: undefined/unknown
	Isolation level: READ_COMMITTED [default READ_COMMITTED]
	JDBC fetch size: 100
	Pool: DataSourceConnectionProvider
	Minimum pool size: undefined/unknown
	Maximum pool size: undefined/unknown
2026-09-23 10:20:33.424  INFO 22656 --- [demo] [main] org.hibernate.orm.core                   : HHH000489: No JTA platform available (set 'hibernate.transaction.jta.platform' to enable JTA platform integration)
2026-09-23 10:20:33.521  INFO 22656 --- [demo] [main] j.LocalContainerEntityManagerFactoryBean : Initialized JPA EntityManagerFactory for persistence unit 'default'
2026-09-23 10:20:33.620  INFO 22656 --- [demo] [main] o.s.d.j.r.query.QueryEnhancerFactories   : Hibernate is in classpath; If applicable, HQL parser will be used.
2026-09-23 10:20:33.850  WARN 22656 --- [demo] [main] JpaBaseConfiguration$JpaWebConfiguration : spring.jpa.open-in-view is enabled by default. Therefore, database queries may be performed during view rendering. Explicitly configure spring.jpa.open-in-view to disable this warning
2026-09-23 10:20:34.308  INFO 22656 --- [demo] [main] o.s.b.h.a.H2ConsoleAutoConfiguration     : H2 console available at '/h2-console'. Database available at 'jdbc:h2:mem:db-test'
2026-09-23 10:20:34.446  WARN 22656 --- [demo] [main] ConfigServletWebServerApplicationContext : Exception encountered during context initialization - cancelling refresh attempt: org.springframework.beans.factory.BeanCreationException: Error creating bean with name 'dataSourceScriptDatabaseInitializer' defined in class path resource [org/springframework/boot/jdbc/autoconfigure/DataSourceInitializationAutoConfiguration.class]: Failed to execute SQL script statement #4 of file [C:\Users\juanf\OneDrive\Desktop\parcial-avion-master (1)\parcial-avion-master\target\classes\data.sql]: INSERT INTO flights (id, flight_number, departure_date, arrival_date, estimated_passengers, airplane_id, origin_airport_id, destination_airport_id) VALUES (1, 'AN101', '2026-03-01 07:00:00', '2026-03-01 13:00:00', 168, 1, 1, 2), (2, 'AN102', '2026-03-02 09:15:00', '2026-03-02 13:45:00', 162, 2, 1, 10), (3, 'AN201', '2026-03-03 14:10:00', '2026-03-03 19:50:00', 156, 1, 2, 1), (4, 'PW301', '2026-03-04 08:30:00', '2026-03-04 14:20:00', 248, 3, 3, 1), (5, 'PW302', '2026-03-05 16:00:00', '2026-03-05 20:50:00', 252, 4, 10, 1), (6, 'GA401', '2026-03-06 11:40:00', '2026-03-06 18:20:00', 300, 5, 4, 1), (7, 'GA402', '2026-03-07 21:30:00', '2026-03-08 05:45:00', 280, 6, 1, 4), (8, 'LC501', '2026-03-09 06:20:00', '2026-03-09 10:10:00', 198, 7, 7, 1), (9, 'LC502', '2026-03-10 15:35:00', '2026-03-10 19:50:00', 190, 8, 1, 7), (10, 'ES601', '2026-03-11 13:25:00', '2026-03-11 17:55:00', 132, 9, 6, 1), (11, 'ES602', '2026-03-12 18:40:00', '2026-03-13 00:10:00', 170, 10, 1, 5), (12, 'AN103', '2026-03-13 07:25:00', '2026-03-13 10:40:00', 149, 2, 1, 9), (13, 'PW303', '2026-03-14 09:50:00', '2026-03-14 13:20:00', 242, 3, 8, 1), (14, 'GA403', '2026-03-15 05:15:00', '2026-03-15 12:30:00', 310, 5, 5, 1), (15, 'LC503', '2026-03-16 10:45:00', '2026-03-16 14:05:00', 202, 7, 9, 1), (16, 'ES603', '2026-03-17 12:30:00', '2026-03-17 16:20:00', 136, 9, 1, 6), (17, 'AN104', '2026-03-18 20:05:00', '2026-03-19 00:25:00', 175, 1, 1, 8), (18, 'PW304', '2026-03-19 06:55:00', '2026-03-19 11:35:00', 244, 4, 2, 1), (19, 'GA404', '2026-03-20 17:10:00', '2026-03-20 23:50:00', 305, 6, 1, 2), (20, 'LC504', '2026-03-21 09:00:00', '2026-03-21 12:20:00', 205, 8, 1, 3)
2026-09-23 10:20:34.448  INFO 22656 --- [demo] [main] j.LocalContainerEntityManagerFactoryBean : Closing JPA EntityManagerFactory for persistence unit 'default'
2026-09-23 10:20:34.470  INFO 22656 --- [demo] [main] com.zaxxer.hikari.HikariDataSource       : HikariPool-1 - Shutdown initiated...
2026-09-23 10:20:34.477  INFO 22656 --- [demo] [main] com.zaxxer.hikari.HikariDataSource       : HikariPool-1 - Shutdown completed.
2026-09-23 10:20:34.483  INFO 22656 --- [demo] [main] o.apache.catalina.core.StandardService   : Stopping service [Tomcat]
2026-09-23 10:20:34.507  INFO 22656 --- [demo] [main] .s.b.a.l.ConditionEvaluationReportLogger : 

Error starting ApplicationContext. To display the condition evaluation report re-run your application with 'debug' enabled.
2026-09-23 10:20:34.536 ERROR 22656 --- [demo] [main] o.s.boot.SpringApplication               : Application run failed

org.springframework.beans.factory.BeanCreationException: Error creating bean with name 'dataSourceScriptDatabaseInitializer' defined in class path resource [org/springframework/boot/jdbc/autoconfigure/DataSourceInitializationAutoConfiguration.class]: Failed to execute SQL script statement #4 of file [C:\Users\juanf\OneDrive\Desktop\parcial-avion-master (1)\parcial-avion-master\target\classes\data.sql]: INSERT INTO flights (id, flight_number, departure_date, arrival_date, estimated_passengers, airplane_id, origin_airport_id, destination_airport_id) VALUES (1, 'AN101', '2026-03-01 07:00:00', '2026-03-01 13:00:00', 168, 1, 1, 2), (2, 'AN102', '2026-03-02 09:15:00', '2026-03-02 13:45:00', 162, 2, 1, 10), (3, 'AN201', '2026-03-03 14:10:00', '2026-03-03 19:50:00', 156, 1, 2, 1), (4, 'PW301', '2026-03-04 08:30:00', '2026-03-04 14:20:00', 248, 3, 3, 1), (5, 'PW302', '2026-03-05 16:00:00', '2026-03-05 20:50:00', 252, 4, 10, 1), (6, 'GA401', '2026-03-06 11:40:00', '2026-03-06 18:20:00', 300, 5, 4, 1), (7, 'GA402', '2026-03-07 21:30:00', '2026-03-08 05:45:00', 280, 6, 1, 4), (8, 'LC501', '2026-03-09 06:20:00', '2026-03-09 10:10:00', 198, 7, 7, 1), (9, 'LC502', '2026-03-10 15:35:00', '2026-03-10 19:50:00', 190, 8, 1, 7), (10, 'ES601', '2026-03-11 13:25:00', '2026-03-11 17:55:00', 132, 9, 6, 1), (11, 'ES602', '2026-03-12 18:40:00', '2026-03-13 00:10:00', 170, 10, 1, 5), (12, 'AN103', '2026-03-13 07:25:00', '2026-03-13 10:40:00', 149, 2, 1, 9), (13, 'PW303', '2026-03-14 09:50:00', '2026-03-14 13:20:00', 242, 3, 8, 1), (14, 'GA403', '2026-03-15 05:15:00', '2026-03-15 12:30:00', 310, 5, 5, 1), (15, 'LC503', '2026-03-16 10:45:00', '2026-03-16 14:05:00', 202, 7, 9, 1), (16, 'ES603', '2026-03-17 12:30:00', '2026-03-17 16:20:00', 136, 9, 1, 6), (17, 'AN104', '2026-03-18 20:05:00', '2026-03-19 00:25:00', 175, 1, 1, 8), (18, 'PW304', '2026-03-19 06:55:00', '2026-03-19 11:35:00', 244, 4, 2, 1), (19, 'GA404', '2026-03-20 17:10:00', '2026-03-20 23:50:00', 305, 6, 1, 2), (20, 'LC504', '2026-03-21 09:00:00', '2026-03-21 12:20:00', 205, 8, 1, 3)
	at org.springframework.beans.factory.support.AbstractAutowireCapableBeanFactory.initializeBean(AbstractAutowireCapableBeanFactory.java:1817) ~[spring-beans-7.0.6.jar:7.0.6]
	at org.springframework.beans.factory.support.AbstractAutowireCapableBeanFactory.doCreateBean(AbstractAutowireCapableBeanFactory.java:603) ~[spring-beans-7.0.6.jar:7.0.6]
	at org.springframework.beans.factory.support.AbstractAutowireCapableBeanFactory.createBean(AbstractAutowireCapableBeanFactory.java:525) ~[spring-beans-7.0.6.jar:7.0.6]
	at org.springframework.beans.factory.support.AbstractBeanFactory.lambda$doGetBean$0(AbstractBeanFactory.java:333) ~[spring-beans-7.0.6.jar:7.0.6]
	at org.springframework.beans.factory.support.DefaultSingletonBeanRegistry.getSingleton(DefaultSingletonBeanRegistry.java:371) ~[spring-beans-7.0.6.jar:7.0.6]
	at org.springframework.beans.factory.support.AbstractBeanFactory.doGetBean(AbstractBeanFactory.java:331) ~[spring-beans-7.0.6.jar:7.0.6]
	at org.springframework.beans.factory.support.AbstractBeanFactory.getBean(AbstractBeanFactory.java:196) ~[spring-beans-7.0.6.jar:7.0.6]
	at org.springframework.beans.factory.support.DefaultListableBeanFactory.instantiateSingleton(DefaultListableBeanFactory.java:1218) ~[spring-beans-7.0.6.jar:7.0.6]
	at org.springframework.beans.factory.support.DefaultListableBeanFactory.preInstantiateSingleton(DefaultListableBeanFactory.java:1184) ~[spring-beans-7.0.6.jar:7.0.6]
	at org.springframework.beans.factory.support.DefaultListableBeanFactory.preInstantiateSingletons(DefaultListableBeanFactory.java:1121) ~[spring-beans-7.0.6.jar:7.0.6]
	at org.springframework.context.support.AbstractApplicationContext.finishBeanFactoryInitialization(AbstractApplicationContext.java:994) ~[spring-context-7.0.6.jar:7.0.6]
	at org.springframework.context.support.AbstractApplicationContext.refresh(AbstractApplicationContext.java:621) ~[spring-context-7.0.6.jar:7.0.6]
	at org.springframework.boot.web.server.servlet.context.ServletWebServerApplicationContext.refresh(ServletWebServerApplicationContext.java:143) ~[spring-boot-web-server-4.0.4.jar:4.0.4]
	at org.springframework.boot.SpringApplication.refresh(SpringApplication.java:756) ~[spring-boot-4.0.4.jar:4.0.4]
	at org.springframework.boot.SpringApplication.refreshContext(SpringApplication.java:445) ~[spring-boot-4.0.4.jar:4.0.4]
	at org.springframework.boot.SpringApplication.run(SpringApplication.java:321) ~[spring-boot-4.0.4.jar:4.0.4]
	at org.springframework.boot.SpringApplication.run(SpringApplication.java:1365) ~[spring-boot-4.0.4.jar:4.0.4]
	at org.springframework.boot.SpringApplication.run(SpringApplication.java:1354) ~[spring-boot-4.0.4.jar:4.0.4]
	at com.example.demo.DemoApplication.main(DemoApplication.java:10) ~[classes/:na]
Caused by: org.springframework.jdbc.datasource.init.ScriptStatementFailedException: Failed to execute SQL script statement #4 of file [C:\Users\juanf\OneDrive\Desktop\parcial-avion-master (1)\parcial-avion-master\target\classes\data.sql]: INSERT INTO flights (id, flight_number, departure_date, arrival_date, estimated_passengers, airplane_id, origin_airport_id, destination_airport_id) VALUES (1, 'AN101', '2026-03-01 07:00:00', '2026-03-01 13:00:00', 168, 1, 1, 2), (2, 'AN102', '2026-03-02 09:15:00', '2026-03-02 13:45:00', 162, 2, 1, 10), (3, 'AN201', '2026-03-03 14:10:00', '2026-03-03 19:50:00', 156, 1, 2, 1), (4, 'PW301', '2026-03-04 08:30:00', '2026-03-04 14:20:00', 248, 3, 3, 1), (5, 'PW302', '2026-03-05 16:00:00', '2026-03-05 20:50:00', 252, 4, 10, 1), (6, 'GA401', '2026-03-06 11:40:00', '2026-03-06 18:20:00', 300, 5, 4, 1), (7, 'GA402', '2026-03-07 21:30:00', '2026-03-08 05:45:00', 280, 6, 1, 4), (8, 'LC501', '2026-03-09 06:20:00', '2026-03-09 10:10:00', 198, 7, 7, 1), (9, 'LC502', '2026-03-10 15:35:00', '2026-03-10 19:50:00', 190, 8, 1, 7), (10, 'ES601', '2026-03-11 13:25:00', '2026-03-11 17:55:00', 132, 9, 6, 1), (11, 'ES602', '2026-03-12 18:40:00', '2026-03-13 00:10:00', 170, 10, 1, 5), (12, 'AN103', '2026-03-13 07:25:00', '2026-03-13 10:40:00', 149, 2, 1, 9), (13, 'PW303', '2026-03-14 09:50:00', '2026-03-14 13:20:00', 242, 3, 8, 1), (14, 'GA403', '2026-03-15 05:15:00', '2026-03-15 12:30:00', 310, 5, 5, 1), (15, 'LC503', '2026-03-16 10:45:00', '2026-03-16 14:05:00', 202, 7, 9, 1), (16, 'ES603', '2026-03-17 12:30:00', '2026-03-17 16:20:00', 136, 9, 1, 6), (17, 'AN104', '2026-03-18 20:05:00', '2026-03-19 00:25:00', 175, 1, 1, 8), (18, 'PW304', '2026-03-19 06:55:00', '2026-03-19 11:35:00', 244, 4, 2, 1), (19, 'GA404', '2026-03-20 17:10:00', '2026-03-20 23:50:00', 305, 6, 1, 2), (20, 'LC504', '2026-03-21 09:00:00', '2026-03-21 12:20:00', 205, 8, 1, 3)
	at org.springframework.jdbc.datasource.init.ScriptUtils.executeSqlScript(ScriptUtils.java:293) ~[spring-jdbc-7.0.6.jar:7.0.6]
	at org.springframework.jdbc.datasource.init.ResourceDatabasePopulator.populate(ResourceDatabasePopulator.java:254) ~[spring-jdbc-7.0.6.jar:7.0.6]
	at org.springframework.jdbc.datasource.init.DatabasePopulatorUtils.execute(DatabasePopulatorUtils.java:54) ~[spring-jdbc-7.0.6.jar:7.0.6]
	at org.springframework.boot.jdbc.init.DataSourceScriptDatabaseInitializer.runScripts(DataSourceScriptDatabaseInitializer.java:87) ~[spring-boot-jdbc-4.0.4.jar:4.0.4]
	at org.springframework.boot.sql.init.AbstractScriptDatabaseInitializer.runScripts(AbstractScriptDatabaseInitializer.java:159) ~[spring-boot-sql-4.0.4.jar:4.0.4]
	at org.springframework.boot.sql.init.AbstractScriptDatabaseInitializer.applyScripts(AbstractScriptDatabaseInitializer.java:120) ~[spring-boot-sql-4.0.4.jar:4.0.4]
	at org.springframework.boot.sql.init.AbstractScriptDatabaseInitializer.applyDataScripts(AbstractScriptDatabaseInitializer.java:113) ~[spring-boot-sql-4.0.4.jar:4.0.4]
	at org.springframework.boot.sql.init.AbstractScriptDatabaseInitializer.initializeDatabase(AbstractScriptDatabaseInitializer.java:88) ~[spring-boot-sql-4.0.4.jar:4.0.4]
	at org.springframework.boot.sql.init.AbstractScriptDatabaseInitializer.afterPropertiesSet(AbstractScriptDatabaseInitializer.java:77) ~[spring-boot-sql-4.0.4.jar:4.0.4]
	at org.springframework.beans.factory.support.AbstractAutowireCapableBeanFactory.invokeInitMethods(AbstractAutowireCapableBeanFactory.java:1864) ~[spring-beans-7.0.6.jar:7.0.6]
	at org.springframework.beans.factory.support.AbstractAutowireCapableBeanFactory.initializeBean(AbstractAutowireCapableBeanFactory.java:1813) ~[spring-beans-7.0.6.jar:7.0.6]
	... 18 common frames omitted
Caused by: org.h2.jdbc.JdbcSQLSyntaxErrorException: Columna "ESTIMATED_PASSENGERS" no encontrada
Column "ESTIMATED_PASSENGERS" not found; SQL statement:
INSERT INTO flights (id, flight_number, departure_date, arrival_date, estimated_passengers, airplane_id, origin_airport_id, destination_airport_id) VALUES (1, 'AN101', '2026-03-01 07:00:00', '2026-03-01 13:00:00', 168, 1, 1, 2), (2, 'AN102', '2026-03-02 09:15:00', '2026-03-02 13:45:00', 162, 2, 1, 10), (3, 'AN201', '2026-03-03 14:10:00', '2026-03-03 19:50:00', 156, 1, 2, 1), (4, 'PW301', '2026-03-04 08:30:00', '2026-03-04 14:20:00', 248, 3, 3, 1), (5, 'PW302', '2026-03-05 16:00:00', '2026-03-05 20:50:00', 252, 4, 10, 1), (6, 'GA401', '2026-03-06 11:40:00', '2026-03-06 18:20:00', 300, 5, 4, 1), (7, 'GA402', '2026-03-07 21:30:00', '2026-03-08 05:45:00', 280, 6, 1, 4), (8, 'LC501', '2026-03-09 06:20:00', '2026-03-09 10:10:00', 198, 7, 7, 1), (9, 'LC502', '2026-03-10 15:35:00', '2026-03-10 19:50:00', 190, 8, 1, 7), (10, 'ES601', '2026-03-11 13:25:00', '2026-03-11 17:55:00', 132, 9, 6, 1), (11, 'ES602', '2026-03-12 18:40:00', '2026-03-13 00:10:00', 170, 10, 1, 5), (12, 'AN103', '2026-03-13 07:25:00', '2026-03-13 10:40:00', 149, 2, 1, 9), (13, 'PW303', '2026-03-14 09:50:00', '2026-03-14 13:20:00', 242, 3, 8, 1), (14, 'GA403', '2026-03-15 05:15:00', '2026-03-15 12:30:00', 310, 5, 5, 1), (15, 'LC503', '2026-03-16 10:45:00', '2026-03-16 14:05:00', 202, 7, 9, 1), (16, 'ES603', '2026-03-17 12:30:00', '2026-03-17 16:20:00', 136, 9, 1, 6), (17, 'AN104', '2026-03-18 20:05:00', '2026-03-19 00:25:00', 175, 1, 1, 8), (18, 'PW304', '2026-03-19 06:55:00', '2026-03-19 11:35:00', 244, 4, 2, 1), (19, 'GA404', '2026-03-20 17:10:00', '2026-03-20 23:50:00', 305, 6, 1, 2), (20, 'LC504', '2026-03-21 09:00:00', '2026-03-21 12:20:00', 205, 8, 1, 3) [42122-240]
	at org.h2.message.DbException.getJdbcSQLException(DbException.java:514) ~[h2-2.4.240.jar:2.4.240]
	at org.h2.message.DbException.getJdbcSQLException(DbException.java:489) ~[h2-2.4.240.jar:2.4.240]
	at org.h2.message.DbException.get(DbException.java:223) ~[h2-2.4.240.jar:2.4.240]
	at org.h2.message.DbException.get(DbException.java:199) ~[h2-2.4.240.jar:2.4.240]
	at org.h2.table.Table.getColumn(Table.java:778) ~[h2-2.4.240.jar:2.4.240]
	at org.h2.command.Parser.parseColumn(Parser.java:1174) ~[h2-2.4.240.jar:2.4.240]
	at org.h2.command.Parser.parseColumnList(Parser.java:1159) ~[h2-2.4.240.jar:2.4.240]
	at org.h2.command.Parser.parseInsert(Parser.java:1533) ~[h2-2.4.240.jar:2.4.240]
	at org.h2.command.Parser.parsePrepared(Parser.java:701) ~[h2-2.4.240.jar:2.4.240]
	at org.h2.command.Parser.parse(Parser.java:584) ~[h2-2.4.240.jar:2.4.240]
	at org.h2.command.Parser.parse(Parser.java:559) ~[h2-2.4.240.jar:2.4.240]
	at org.h2.command.Parser.prepareCommand(Parser.java:487) ~[h2-2.4.240.jar:2.4.240]
	at org.h2.engine.SessionLocal.prepareLocal(SessionLocal.java:647) ~[h2-2.4.240.jar:2.4.240]
	at org.h2.engine.SessionLocal.prepareCommand(SessionLocal.java:563) ~[h2-2.4.240.jar:2.4.240]
	at org.h2.jdbc.JdbcConnection.prepareCommand(JdbcConnection.java:1160) ~[h2-2.4.240.jar:2.4.240]
	at org.h2.jdbc.JdbcStatement.executeInternal(JdbcStatement.java:245) ~[h2-2.4.240.jar:2.4.240]
	at org.h2.jdbc.JdbcStatement.execute(JdbcStatement.java:231) ~[h2-2.4.240.jar:2.4.240]
	at com.zaxxer.hikari.pool.ProxyStatement.execute(ProxyStatement.java:95) ~[HikariCP-7.0.2.jar:na]
	at com.zaxxer.hikari.pool.HikariProxyStatement.execute(HikariProxyStatement.java) ~[HikariCP-7.0.2.jar:na]
	at org.springframework.jdbc.datasource.init.ScriptUtils.executeSqlScript(ScriptUtils.java:261) ~[spring-jdbc-7.0.6.jar:7.0.6]
	... 28 common frames omitted

2026-09-23 10:21:05.845  INFO 23524 --- [demo] [main] com.example.demo.DemoApplication         : Starting DemoApplication using Java 17.0.2 with PID 23524 (C:\Users\juanf\OneDrive\Desktop\parcial-avion-master (1)\parcial-avion-master\target\classes started by juanf in C:\Users\juanf\OneDrive\Desktop\parcial-avion-master (1)\parcial-avion-master)
2026-09-23 10:21:05.847  INFO 23524 --- [demo] [main] com.example.demo.DemoApplication         : No active profile set, falling back to 1 default profile: "default"
2026-09-23 10:21:06.564  INFO 23524 --- [demo] [main] .s.d.r.c.RepositoryConfigurationDelegate : Bootstrapping Spring Data JPA repositories in DEFAULT mode.
2026-09-23 10:21:06.662  INFO 23524 --- [demo] [main] .s.d.r.c.RepositoryConfigurationDelegate : Finished Spring Data repository scanning in 83 ms. Found 6 JPA repository interfaces.
2026-09-23 10:21:07.277  INFO 23524 --- [demo] [main] o.s.boot.tomcat.TomcatWebServer          : Tomcat initialized with port 8081 (http)
2026-09-23 10:21:07.290  INFO 23524 --- [demo] [main] o.apache.catalina.core.StandardService   : Starting service [Tomcat]
2026-09-23 10:21:07.290  INFO 23524 --- [demo] [main] o.apache.catalina.core.StandardEngine    : Starting Servlet engine: [Apache Tomcat/11.0.18]
2026-09-23 10:21:07.363  INFO 23524 --- [demo] [main] b.w.c.s.WebApplicationContextInitializer : Root WebApplicationContext: initialization completed in 1450 ms
2026-09-23 10:21:07.568  INFO 23524 --- [demo] [main] org.hibernate.orm.jpa                    : HHH008540: Processing PersistenceUnitInfo [name: default]
2026-09-23 10:21:07.633  INFO 23524 --- [demo] [main] org.hibernate.orm.core                   : HHH000001: Hibernate ORM core version 7.2.7.Final
2026-09-23 10:21:08.138  INFO 23524 --- [demo] [main] o.s.o.j.p.SpringPersistenceUnitInfo      : No LoadTimeWeaver setup: ignoring JPA class transformer
2026-09-23 10:21:08.196  INFO 23524 --- [demo] [main] com.zaxxer.hikari.HikariDataSource       : HikariPool-1 - Starting...
2026-09-23 10:21:08.388  INFO 23524 --- [demo] [main] com.zaxxer.hikari.pool.HikariPool        : HikariPool-1 - Added connection conn0: url=jdbc:h2:mem:db-test user=POSTGRES
2026-09-23 10:21:08.399  INFO 23524 --- [demo] [main] com.zaxxer.hikari.HikariDataSource       : HikariPool-1 - Start completed.
2026-09-23 10:21:08.475  INFO 23524 --- [demo] [main] org.hibernate.orm.connections.pooling    : HHH10001005: Database info:
	Database JDBC URL [jdbc:h2:mem:db-test]
	Database driver: H2 JDBC Driver
	Database dialect: H2Dialect
	Database version: 2.4.240
	Default catalog/schema: DB-TEST/PUBLIC
	Autocommit mode: undefined/unknown
	Isolation level: READ_COMMITTED [default READ_COMMITTED]
	JDBC fetch size: 100
	Pool: DataSourceConnectionProvider
	Minimum pool size: undefined/unknown
	Maximum pool size: undefined/unknown
2026-09-23 10:21:09.716  INFO 23524 --- [demo] [main] org.hibernate.orm.core                   : HHH000489: No JTA platform available (set 'hibernate.transaction.jta.platform' to enable JTA platform integration)
2026-09-23 10:21:09.815  INFO 23524 --- [demo] [main] j.LocalContainerEntityManagerFactoryBean : Initialized JPA EntityManagerFactory for persistence unit 'default'
2026-09-23 10:21:09.913  INFO 23524 --- [demo] [main] o.s.d.j.r.query.QueryEnhancerFactories   : Hibernate is in classpath; If applicable, HQL parser will be used.
2026-09-23 10:21:10.116  WARN 23524 --- [demo] [main] JpaBaseConfiguration$JpaWebConfiguration : spring.jpa.open-in-view is enabled by default. Therefore, database queries may be performed during view rendering. Explicitly configure spring.jpa.open-in-view to disable this warning
2026-09-23 10:21:10.483  INFO 23524 --- [demo] [main] o.s.b.h.a.H2ConsoleAutoConfiguration     : H2 console available at '/h2-console'. Database available at 'jdbc:h2:mem:db-test'
2026-09-23 10:21:10.513  WARN 23524 --- [demo] [main] ConfigServletWebServerApplicationContext : Exception encountered during context initialization - cancelling refresh attempt: org.springframework.beans.factory.BeanCreationException: Error creating bean with name 'dataSourceScriptDatabaseInitializer' defined in class path resource [org/springframework/boot/jdbc/autoconfigure/DataSourceInitializationAutoConfiguration.class]: Failed to execute SQL script statement #4 of file [C:\Users\juanf\OneDrive\Desktop\parcial-avion-master (1)\parcial-avion-master\target\classes\data.sql]: INSERT INTO flights (id, flight_number, departure_date, arrival_date, estimated_passengers, airplane_id, origin_airport_id, destination_airport_id) VALUES (1, 'AN101', '2026-03-01 07:00:00', '2026-03-01 13:00:00', 168, 1, 1, 2), (2, 'AN102', '2026-03-02 09:15:00', '2026-03-02 13:45:00', 162, 2, 1, 10), (3, 'AN201', '2026-03-03 14:10:00', '2026-03-03 19:50:00', 156, 1, 2, 1), (4, 'PW301', '2026-03-04 08:30:00', '2026-03-04 14:20:00', 248, 3, 3, 1), (5, 'PW302', '2026-03-05 16:00:00', '2026-03-05 20:50:00', 252, 4, 10, 1), (6, 'GA401', '2026-03-06 11:40:00', '2026-03-06 18:20:00', 300, 5, 4, 1), (7, 'GA402', '2026-03-07 21:30:00', '2026-03-08 05:45:00', 280, 6, 1, 4), (8, 'LC501', '2026-03-09 06:20:00', '2026-03-09 10:10:00', 198, 7, 7, 1), (9, 'LC502', '2026-03-10 15:35:00', '2026-03-10 19:50:00', 190, 8, 1, 7), (10, 'ES601', '2026-03-11 13:25:00', '2026-03-11 17:55:00', 132, 9, 6, 1), (11, 'ES602', '2026-03-12 18:40:00', '2026-03-13 00:10:00', 170, 10, 1, 5), (12, 'AN103', '2026-03-13 07:25:00', '2026-03-13 10:40:00', 149, 2, 1, 9), (13, 'PW303', '2026-03-14 09:50:00', '2026-03-14 13:20:00', 242, 3, 8, 1), (14, 'GA403', '2026-03-15 05:15:00', '2026-03-15 12:30:00', 310, 5, 5, 1), (15, 'LC503', '2026-03-16 10:45:00', '2026-03-16 14:05:00', 202, 7, 9, 1), (16, 'ES603', '2026-03-17 12:30:00', '2026-03-17 16:20:00', 136, 9, 1, 6), (17, 'AN104', '2026-03-18 20:05:00', '2026-03-19 00:25:00', 175, 1, 1, 8), (18, 'PW304', '2026-03-19 06:55:00', '2026-03-19 11:35:00', 244, 4, 2, 1), (19, 'GA404', '2026-03-20 17:10:00', '2026-03-20 23:50:00', 305, 6, 1, 2), (20, 'LC504', '2026-03-21 09:00:00', '2026-03-21 12:20:00', 205, 8, 1, 3)
2026-09-23 10:21:10.513  INFO 23524 --- [demo] [main] j.LocalContainerEntityManagerFactoryBean : Closing JPA EntityManagerFactory for persistence unit 'default'
2026-09-23 10:21:10.531  INFO 23524 --- [demo] [main] com.zaxxer.hikari.HikariDataSource       : HikariPool-1 - Shutdown initiated...
2026-09-23 10:21:10.534  INFO 23524 --- [demo] [main] com.zaxxer.hikari.HikariDataSource       : HikariPool-1 - Shutdown completed.
2026-09-23 10:21:10.537  INFO 23524 --- [demo] [main] o.apache.catalina.core.StandardService   : Stopping service [Tomcat]
2026-09-23 10:21:10.548  INFO 23524 --- [demo] [main] .s.b.a.l.ConditionEvaluationReportLogger : 

Error starting ApplicationContext. To display the condition evaluation report re-run your application with 'debug' enabled.
2026-09-23 10:21:10.565 ERROR 23524 --- [demo] [main] o.s.boot.SpringApplication               : Application run failed

org.springframework.beans.factory.BeanCreationException: Error creating bean with name 'dataSourceScriptDatabaseInitializer' defined in class path resource [org/springframework/boot/jdbc/autoconfigure/DataSourceInitializationAutoConfiguration.class]: Failed to execute SQL script statement #4 of file [C:\Users\juanf\OneDrive\Desktop\parcial-avion-master (1)\parcial-avion-master\target\classes\data.sql]: INSERT INTO flights (id, flight_number, departure_date, arrival_date, estimated_passengers, airplane_id, origin_airport_id, destination_airport_id) VALUES (1, 'AN101', '2026-03-01 07:00:00', '2026-03-01 13:00:00', 168, 1, 1, 2), (2, 'AN102', '2026-03-02 09:15:00', '2026-03-02 13:45:00', 162, 2, 1, 10), (3, 'AN201', '2026-03-03 14:10:00', '2026-03-03 19:50:00', 156, 1, 2, 1), (4, 'PW301', '2026-03-04 08:30:00', '2026-03-04 14:20:00', 248, 3, 3, 1), (5, 'PW302', '2026-03-05 16:00:00', '2026-03-05 20:50:00', 252, 4, 10, 1), (6, 'GA401', '2026-03-06 11:40:00', '2026-03-06 18:20:00', 300, 5, 4, 1), (7, 'GA402', '2026-03-07 21:30:00', '2026-03-08 05:45:00', 280, 6, 1, 4), (8, 'LC501', '2026-03-09 06:20:00', '2026-03-09 10:10:00', 198, 7, 7, 1), (9, 'LC502', '2026-03-10 15:35:00', '2026-03-10 19:50:00', 190, 8, 1, 7), (10, 'ES601', '2026-03-11 13:25:00', '2026-03-11 17:55:00', 132, 9, 6, 1), (11, 'ES602', '2026-03-12 18:40:00', '2026-03-13 00:10:00', 170, 10, 1, 5), (12, 'AN103', '2026-03-13 07:25:00', '2026-03-13 10:40:00', 149, 2, 1, 9), (13, 'PW303', '2026-03-14 09:50:00', '2026-03-14 13:20:00', 242, 3, 8, 1), (14, 'GA403', '2026-03-15 05:15:00', '2026-03-15 12:30:00', 310, 5, 5, 1), (15, 'LC503', '2026-03-16 10:45:00', '2026-03-16 14:05:00', 202, 7, 9, 1), (16, 'ES603', '2026-03-17 12:30:00', '2026-03-17 16:20:00', 136, 9, 1, 6), (17, 'AN104', '2026-03-18 20:05:00', '2026-03-19 00:25:00', 175, 1, 1, 8), (18, 'PW304', '2026-03-19 06:55:00', '2026-03-19 11:35:00', 244, 4, 2, 1), (19, 'GA404', '2026-03-20 17:10:00', '2026-03-20 23:50:00', 305, 6, 1, 2), (20, 'LC504', '2026-03-21 09:00:00', '2026-03-21 12:20:00', 205, 8, 1, 3)
	at org.springframework.beans.factory.support.AbstractAutowireCapableBeanFactory.initializeBean(AbstractAutowireCapableBeanFactory.java:1817) ~[spring-beans-7.0.6.jar:7.0.6]
	at org.springframework.beans.factory.support.AbstractAutowireCapableBeanFactory.doCreateBean(AbstractAutowireCapableBeanFactory.java:603) ~[spring-beans-7.0.6.jar:7.0.6]
	at org.springframework.beans.factory.support.AbstractAutowireCapableBeanFactory.createBean(AbstractAutowireCapableBeanFactory.java:525) ~[spring-beans-7.0.6.jar:7.0.6]
	at org.springframework.beans.factory.support.AbstractBeanFactory.lambda$doGetBean$0(AbstractBeanFactory.java:333) ~[spring-beans-7.0.6.jar:7.0.6]
	at org.springframework.beans.factory.support.DefaultSingletonBeanRegistry.getSingleton(DefaultSingletonBeanRegistry.java:371) ~[spring-beans-7.0.6.jar:7.0.6]
	at org.springframework.beans.factory.support.AbstractBeanFactory.doGetBean(AbstractBeanFactory.java:331) ~[spring-beans-7.0.6.jar:7.0.6]
	at org.springframework.beans.factory.support.AbstractBeanFactory.getBean(AbstractBeanFactory.java:196) ~[spring-beans-7.0.6.jar:7.0.6]
	at org.springframework.beans.factory.support.DefaultListableBeanFactory.instantiateSingleton(DefaultListableBeanFactory.java:1218) ~[spring-beans-7.0.6.jar:7.0.6]
	at org.springframework.beans.factory.support.DefaultListableBeanFactory.preInstantiateSingleton(DefaultListableBeanFactory.java:1184) ~[spring-beans-7.0.6.jar:7.0.6]
	at org.springframework.beans.factory.support.DefaultListableBeanFactory.preInstantiateSingletons(DefaultListableBeanFactory.java:1121) ~[spring-beans-7.0.6.jar:7.0.6]
	at org.springframework.context.support.AbstractApplicationContext.finishBeanFactoryInitialization(AbstractApplicationContext.java:994) ~[spring-context-7.0.6.jar:7.0.6]
	at org.springframework.context.support.AbstractApplicationContext.refresh(AbstractApplicationContext.java:621) ~[spring-context-7.0.6.jar:7.0.6]
	at org.springframework.boot.web.server.servlet.context.ServletWebServerApplicationContext.refresh(ServletWebServerApplicationContext.java:143) ~[spring-boot-web-server-4.0.4.jar:4.0.4]
	at org.springframework.boot.SpringApplication.refresh(SpringApplication.java:756) ~[spring-boot-4.0.4.jar:4.0.4]
	at org.springframework.boot.SpringApplication.refreshContext(SpringApplication.java:445) ~[spring-boot-4.0.4.jar:4.0.4]
	at org.springframework.boot.SpringApplication.run(SpringApplication.java:321) ~[spring-boot-4.0.4.jar:4.0.4]
	at org.springframework.boot.SpringApplication.run(SpringApplication.java:1365) ~[spring-boot-4.0.4.jar:4.0.4]
	at org.springframework.boot.SpringApplication.run(SpringApplication.java:1354) ~[spring-boot-4.0.4.jar:4.0.4]
	at com.example.demo.DemoApplication.main(DemoApplication.java:10) ~[classes/:na]
Caused by: org.springframework.jdbc.datasource.init.ScriptStatementFailedException: Failed to execute SQL script statement #4 of file [C:\Users\juanf\OneDrive\Desktop\parcial-avion-master (1)\parcial-avion-master\target\classes\data.sql]: INSERT INTO flights (id, flight_number, departure_date, arrival_date, estimated_passengers, airplane_id, origin_airport_id, destination_airport_id) VALUES (1, 'AN101', '2026-03-01 07:00:00', '2026-03-01 13:00:00', 168, 1, 1, 2), (2, 'AN102', '2026-03-02 09:15:00', '2026-03-02 13:45:00', 162, 2, 1, 10), (3, 'AN201', '2026-03-03 14:10:00', '2026-03-03 19:50:00', 156, 1, 2, 1), (4, 'PW301', '2026-03-04 08:30:00', '2026-03-04 14:20:00', 248, 3, 3, 1), (5, 'PW302', '2026-03-05 16:00:00', '2026-03-05 20:50:00', 252, 4, 10, 1), (6, 'GA401', '2026-03-06 11:40:00', '2026-03-06 18:20:00', 300, 5, 4, 1), (7, 'GA402', '2026-03-07 21:30:00', '2026-03-08 05:45:00', 280, 6, 1, 4), (8, 'LC501', '2026-03-09 06:20:00', '2026-03-09 10:10:00', 198, 7, 7, 1), (9, 'LC502', '2026-03-10 15:35:00', '2026-03-10 19:50:00', 190, 8, 1, 7), (10, 'ES601', '2026-03-11 13:25:00', '2026-03-11 17:55:00', 132, 9, 6, 1), (11, 'ES602', '2026-03-12 18:40:00', '2026-03-13 00:10:00', 170, 10, 1, 5), (12, 'AN103', '2026-03-13 07:25:00', '2026-03-13 10:40:00', 149, 2, 1, 9), (13, 'PW303', '2026-03-14 09:50:00', '2026-03-14 13:20:00', 242, 3, 8, 1), (14, 'GA403', '2026-03-15 05:15:00', '2026-03-15 12:30:00', 310, 5, 5, 1), (15, 'LC503', '2026-03-16 10:45:00', '2026-03-16 14:05:00', 202, 7, 9, 1), (16, 'ES603', '2026-03-17 12:30:00', '2026-03-17 16:20:00', 136, 9, 1, 6), (17, 'AN104', '2026-03-18 20:05:00', '2026-03-19 00:25:00', 175, 1, 1, 8), (18, 'PW304', '2026-03-19 06:55:00', '2026-03-19 11:35:00', 244, 4, 2, 1), (19, 'GA404', '2026-03-20 17:10:00', '2026-03-20 23:50:00', 305, 6, 1, 2), (20, 'LC504', '2026-03-21 09:00:00', '2026-03-21 12:20:00', 205, 8, 1, 3)
	at org.springframework.jdbc.datasource.init.ScriptUtils.executeSqlScript(ScriptUtils.java:293) ~[spring-jdbc-7.0.6.jar:7.0.6]
	at org.springframework.jdbc.datasource.init.ResourceDatabasePopulator.populate(ResourceDatabasePopulator.java:254) ~[spring-jdbc-7.0.6.jar:7.0.6]
	at org.springframework.jdbc.datasource.init.DatabasePopulatorUtils.execute(DatabasePopulatorUtils.java:54) ~[spring-jdbc-7.0.6.jar:7.0.6]
	at org.springframework.boot.jdbc.init.DataSourceScriptDatabaseInitializer.runScripts(DataSourceScriptDatabaseInitializer.java:87) ~[spring-boot-jdbc-4.0.4.jar:4.0.4]
	at org.springframework.boot.sql.init.AbstractScriptDatabaseInitializer.runScripts(AbstractScriptDatabaseInitializer.java:159) ~[spring-boot-sql-4.0.4.jar:4.0.4]
	at org.springframework.boot.sql.init.AbstractScriptDatabaseInitializer.applyScripts(AbstractScriptDatabaseInitializer.java:120) ~[spring-boot-sql-4.0.4.jar:4.0.4]
	at org.springframework.boot.sql.init.AbstractScriptDatabaseInitializer.applyDataScripts(AbstractScriptDatabaseInitializer.java:113) ~[spring-boot-sql-4.0.4.jar:4.0.4]
	at org.springframework.boot.sql.init.AbstractScriptDatabaseInitializer.initializeDatabase(AbstractScriptDatabaseInitializer.java:88) ~[spring-boot-sql-4.0.4.jar:4.0.4]
	at org.springframework.boot.sql.init.AbstractScriptDatabaseInitializer.afterPropertiesSet(AbstractScriptDatabaseInitializer.java:77) ~[spring-boot-sql-4.0.4.jar:4.0.4]
	at org.springframework.beans.factory.support.AbstractAutowireCapableBeanFactory.invokeInitMethods(AbstractAutowireCapableBeanFactory.java:1864) ~[spring-beans-7.0.6.jar:7.0.6]
	at org.springframework.beans.factory.support.AbstractAutowireCapableBeanFactory.initializeBean(AbstractAutowireCapableBeanFactory.java:1813) ~[spring-beans-7.0.6.jar:7.0.6]
	... 18 common frames omitted
Caused by: org.h2.jdbc.JdbcSQLSyntaxErrorException: Columna "ESTIMATED_PASSENGERS" no encontrada
Column "ESTIMATED_PASSENGERS" not found; SQL statement:
INSERT INTO flights (id, flight_number, departure_date, arrival_date, estimated_passengers, airplane_id, origin_airport_id, destination_airport_id) VALUES (1, 'AN101', '2026-03-01 07:00:00', '2026-03-01 13:00:00', 168, 1, 1, 2), (2, 'AN102', '2026-03-02 09:15:00', '2026-03-02 13:45:00', 162, 2, 1, 10), (3, 'AN201', '2026-03-03 14:10:00', '2026-03-03 19:50:00', 156, 1, 2, 1), (4, 'PW301', '2026-03-04 08:30:00', '2026-03-04 14:20:00', 248, 3, 3, 1), (5, 'PW302', '2026-03-05 16:00:00', '2026-03-05 20:50:00', 252, 4, 10, 1), (6, 'GA401', '2026-03-06 11:40:00', '2026-03-06 18:20:00', 300, 5, 4, 1), (7, 'GA402', '2026-03-07 21:30:00', '2026-03-08 05:45:00', 280, 6, 1, 4), (8, 'LC501', '2026-03-09 06:20:00', '2026-03-09 10:10:00', 198, 7, 7, 1), (9, 'LC502', '2026-03-10 15:35:00', '2026-03-10 19:50:00', 190, 8, 1, 7), (10, 'ES601', '2026-03-11 13:25:00', '2026-03-11 17:55:00', 132, 9, 6, 1), (11, 'ES602', '2026-03-12 18:40:00', '2026-03-13 00:10:00', 170, 10, 1, 5), (12, 'AN103', '2026-03-13 07:25:00', '2026-03-13 10:40:00', 149, 2, 1, 9), (13, 'PW303', '2026-03-14 09:50:00', '2026-03-14 13:20:00', 242, 3, 8, 1), (14, 'GA403', '2026-03-15 05:15:00', '2026-03-15 12:30:00', 310, 5, 5, 1), (15, 'LC503', '2026-03-16 10:45:00', '2026-03-16 14:05:00', 202, 7, 9, 1), (16, 'ES603', '2026-03-17 12:30:00', '2026-03-17 16:20:00', 136, 9, 1, 6), (17, 'AN104', '2026-03-18 20:05:00', '2026-03-19 00:25:00', 175, 1, 1, 8), (18, 'PW304', '2026-03-19 06:55:00', '2026-03-19 11:35:00', 244, 4, 2, 1), (19, 'GA404', '2026-03-20 17:10:00', '2026-03-20 23:50:00', 305, 6, 1, 2), (20, 'LC504', '2026-03-21 09:00:00', '2026-03-21 12:20:00', 205, 8, 1, 3) [42122-240]
	at org.h2.message.DbException.getJdbcSQLException(DbException.java:514) ~[h2-2.4.240.jar:2.4.240]
	at org.h2.message.DbException.getJdbcSQLException(DbException.java:489) ~[h2-2.4.240.jar:2.4.240]
	at org.h2.message.DbException.get(DbException.java:223) ~[h2-2.4.240.jar:2.4.240]
	at org.h2.message.DbException.get(DbException.java:199) ~[h2-2.4.240.jar:2.4.240]
	at org.h2.table.Table.getColumn(Table.java:778) ~[h2-2.4.240.jar:2.4.240]
	at org.h2.command.Parser.parseColumn(Parser.java:1174) ~[h2-2.4.240.jar:2.4.240]
	at org.h2.command.Parser.parseColumnList(Parser.java:1159) ~[h2-2.4.240.jar:2.4.240]
	at org.h2.command.Parser.parseInsert(Parser.java:1533) ~[h2-2.4.240.jar:2.4.240]
	at org.h2.command.Parser.parsePrepared(Parser.java:701) ~[h2-2.4.240.jar:2.4.240]
	at org.h2.command.Parser.parse(Parser.java:584) ~[h2-2.4.240.jar:2.4.240]
	at org.h2.command.Parser.parse(Parser.java:559) ~[h2-2.4.240.jar:2.4.240]
	at org.h2.command.Parser.prepareCommand(Parser.java:487) ~[h2-2.4.240.jar:2.4.240]
	at org.h2.engine.SessionLocal.prepareLocal(SessionLocal.java:647) ~[h2-2.4.240.jar:2.4.240]
	at org.h2.engine.SessionLocal.prepareCommand(SessionLocal.java:563) ~[h2-2.4.240.jar:2.4.240]
	at org.h2.jdbc.JdbcConnection.prepareCommand(JdbcConnection.java:1160) ~[h2-2.4.240.jar:2.4.240]
	at org.h2.jdbc.JdbcStatement.executeInternal(JdbcStatement.java:245) ~[h2-2.4.240.jar:2.4.240]
	at org.h2.jdbc.JdbcStatement.execute(JdbcStatement.java:231) ~[h2-2.4.240.jar:2.4.240]
	at com.zaxxer.hikari.pool.ProxyStatement.execute(ProxyStatement.java:95) ~[HikariCP-7.0.2.jar:na]
	at com.zaxxer.hikari.pool.HikariProxyStatement.execute(HikariProxyStatement.java) ~[HikariCP-7.0.2.jar:na]
	at org.springframework.jdbc.datasource.init.ScriptUtils.executeSqlScript(ScriptUtils.java:261) ~[spring-jdbc-7.0.6.jar:7.0.6]
	... 28 common frames omitted

2026-09-23 10:22:15.777  INFO 22116 --- [demo] [main] com.example.demo.DemoApplication         : Starting DemoApplication using Java 17.0.2 with PID 22116 (C:\Users\juanf\OneDrive\Desktop\parcial-avion-master (1)\parcial-avion-master\target\classes started by juanf in C:\Users\juanf\OneDrive\Desktop\parcial-avion-master (1)\parcial-avion-master)
2026-09-23 10:22:15.781  INFO 22116 --- [demo] [main] com.example.demo.DemoApplication         : No active profile set, falling back to 1 default profile: "default"
2026-09-23 10:22:16.495  INFO 22116 --- [demo] [main] .s.d.r.c.RepositoryConfigurationDelegate : Bootstrapping Spring Data JPA repositories in DEFAULT mode.
2026-09-23 10:22:16.584  INFO 22116 --- [demo] [main] .s.d.r.c.RepositoryConfigurationDelegate : Finished Spring Data repository scanning in 78 ms. Found 6 JPA repository interfaces.
2026-09-23 10:22:17.212  INFO 22116 --- [demo] [main] o.s.boot.tomcat.TomcatWebServer          : Tomcat initialized with port 8081 (http)
2026-09-23 10:22:17.232  INFO 22116 --- [demo] [main] o.apache.catalina.core.StandardService   : Starting service [Tomcat]
2026-09-23 10:22:17.233  INFO 22116 --- [demo] [main] o.apache.catalina.core.StandardEngine    : Starting Servlet engine: [Apache Tomcat/11.0.18]
2026-09-23 10:22:17.306  INFO 22116 --- [demo] [main] b.w.c.s.WebApplicationContextInitializer : Root WebApplicationContext: initialization completed in 1471 ms
2026-09-23 10:22:17.511  INFO 22116 --- [demo] [main] org.hibernate.orm.jpa                    : HHH008540: Processing PersistenceUnitInfo [name: default]
2026-09-23 10:22:17.571  INFO 22116 --- [demo] [main] org.hibernate.orm.core                   : HHH000001: Hibernate ORM core version 7.2.7.Final
2026-09-23 10:22:18.156  INFO 22116 --- [demo] [main] o.s.o.j.p.SpringPersistenceUnitInfo      : No LoadTimeWeaver setup: ignoring JPA class transformer
2026-09-23 10:22:18.201  INFO 22116 --- [demo] [main] com.zaxxer.hikari.HikariDataSource       : HikariPool-1 - Starting...
2026-09-23 10:22:18.424  INFO 22116 --- [demo] [main] com.zaxxer.hikari.pool.HikariPool        : HikariPool-1 - Added connection conn0: url=jdbc:h2:mem:db-test user=POSTGRES
2026-09-23 10:22:18.426  INFO 22116 --- [demo] [main] com.zaxxer.hikari.HikariDataSource       : HikariPool-1 - Start completed.
2026-09-23 10:22:18.493  INFO 22116 --- [demo] [main] org.hibernate.orm.connections.pooling    : HHH10001005: Database info:
	Database JDBC URL [jdbc:h2:mem:db-test]
	Database driver: H2 JDBC Driver
	Database dialect: H2Dialect
	Database version: 2.4.240
	Default catalog/schema: DB-TEST/PUBLIC
	Autocommit mode: undefined/unknown
	Isolation level: READ_COMMITTED [default READ_COMMITTED]
	JDBC fetch size: 100
	Pool: DataSourceConnectionProvider
	Minimum pool size: undefined/unknown
	Maximum pool size: undefined/unknown
2026-09-23 10:22:19.663  INFO 22116 --- [demo] [main] org.hibernate.orm.core                   : HHH000489: No JTA platform available (set 'hibernate.transaction.jta.platform' to enable JTA platform integration)
2026-09-23 10:22:19.750  INFO 22116 --- [demo] [main] j.LocalContainerEntityManagerFactoryBean : Initialized JPA EntityManagerFactory for persistence unit 'default'
2026-09-23 10:22:19.832  INFO 22116 --- [demo] [main] o.s.d.j.r.query.QueryEnhancerFactories   : Hibernate is in classpath; If applicable, HQL parser will be used.
2026-09-23 10:22:20.014  WARN 22116 --- [demo] [main] JpaBaseConfiguration$JpaWebConfiguration : spring.jpa.open-in-view is enabled by default. Therefore, database queries may be performed during view rendering. Explicitly configure spring.jpa.open-in-view to disable this warning
2026-09-23 10:22:20.340  INFO 22116 --- [demo] [main] o.s.b.h.a.H2ConsoleAutoConfiguration     : H2 console available at '/h2-console'. Database available at 'jdbc:h2:mem:db-test'
2026-09-23 10:22:20.378  WARN 22116 --- [demo] [main] ConfigServletWebServerApplicationContext : Exception encountered during context initialization - cancelling refresh attempt: org.springframework.beans.factory.BeanCreationException: Error creating bean with name 'dataSourceScriptDatabaseInitializer' defined in class path resource [org/springframework/boot/jdbc/autoconfigure/DataSourceInitializationAutoConfiguration.class]: Failed to execute SQL script statement #5 of file [C:\Users\juanf\OneDrive\Desktop\parcial-avion-master (1)\parcial-avion-master\target\classes\data.sql]: INSERT INTO tickets (id, passenger_full_name, booking_code, purchase_date, origin_airport_id, destination_airport_id) VALUES (1, 'Laura Gomez', 'TG001', '2026-02-20 11:00:00', 1, 4), (2, 'Carlos Ruiz', 'TG002', '2026-02-22 16:20:00', 3, 1), (3, 'Ana Torres', 'TG003', '2026-02-25 09:45:00', 2, 3), (4, 'Pedro Martinez', 'TG004', '2026-02-26 14:12:00', 1, 5), (5, 'Sofia Herrera', 'TG005', '2026-02-27 10:05:00', 8, 1), (6, 'Juan Castillo', 'TG006', '2026-02-28 18:32:00', 7, 1), (7, 'Maria Lopez', 'TG007', '2026-03-01 07:21:00', 1, 10), (8, 'Daniel Perez', 'TG008', '2026-03-02 12:09:00', 6, 1), (9, 'Camila Rojas', 'TG009', '2026-03-03 15:44:00', 1, 9), (10, 'Andres Diaz', 'TG010', '2026-03-04 19:28:00', 9, 2)
2026-09-23 10:22:20.380  INFO 22116 --- [demo] [main] j.LocalContainerEntityManagerFactoryBean : Closing JPA EntityManagerFactory for persistence unit 'default'
2026-09-23 10:22:20.389  INFO 22116 --- [demo] [main] com.zaxxer.hikari.HikariDataSource       : HikariPool-1 - Shutdown initiated...
2026-09-23 10:22:20.391  INFO 22116 --- [demo] [main] com.zaxxer.hikari.HikariDataSource       : HikariPool-1 - Shutdown completed.
2026-09-23 10:22:20.394  INFO 22116 --- [demo] [main] o.apache.catalina.core.StandardService   : Stopping service [Tomcat]
2026-09-23 10:22:20.405  INFO 22116 --- [demo] [main] .s.b.a.l.ConditionEvaluationReportLogger : 

Error starting ApplicationContext. To display the condition evaluation report re-run your application with 'debug' enabled.
2026-09-23 10:22:20.428 ERROR 22116 --- [demo] [main] o.s.boot.SpringApplication               : Application run failed

org.springframework.beans.factory.BeanCreationException: Error creating bean with name 'dataSourceScriptDatabaseInitializer' defined in class path resource [org/springframework/boot/jdbc/autoconfigure/DataSourceInitializationAutoConfiguration.class]: Failed to execute SQL script statement #5 of file [C:\Users\juanf\OneDrive\Desktop\parcial-avion-master (1)\parcial-avion-master\target\classes\data.sql]: INSERT INTO tickets (id, passenger_full_name, booking_code, purchase_date, origin_airport_id, destination_airport_id) VALUES (1, 'Laura Gomez', 'TG001', '2026-02-20 11:00:00', 1, 4), (2, 'Carlos Ruiz', 'TG002', '2026-02-22 16:20:00', 3, 1), (3, 'Ana Torres', 'TG003', '2026-02-25 09:45:00', 2, 3), (4, 'Pedro Martinez', 'TG004', '2026-02-26 14:12:00', 1, 5), (5, 'Sofia Herrera', 'TG005', '2026-02-27 10:05:00', 8, 1), (6, 'Juan Castillo', 'TG006', '2026-02-28 18:32:00', 7, 1), (7, 'Maria Lopez', 'TG007', '2026-03-01 07:21:00', 1, 10), (8, 'Daniel Perez', 'TG008', '2026-03-02 12:09:00', 6, 1), (9, 'Camila Rojas', 'TG009', '2026-03-03 15:44:00', 1, 9), (10, 'Andres Diaz', 'TG010', '2026-03-04 19:28:00', 9, 2)
	at org.springframework.beans.factory.support.AbstractAutowireCapableBeanFactory.initializeBean(AbstractAutowireCapableBeanFactory.java:1817) ~[spring-beans-7.0.6.jar:7.0.6]
	at org.springframework.beans.factory.support.AbstractAutowireCapableBeanFactory.doCreateBean(AbstractAutowireCapableBeanFactory.java:603) ~[spring-beans-7.0.6.jar:7.0.6]
	at org.springframework.beans.factory.support.AbstractAutowireCapableBeanFactory.createBean(AbstractAutowireCapableBeanFactory.java:525) ~[spring-beans-7.0.6.jar:7.0.6]
	at org.springframework.beans.factory.support.AbstractBeanFactory.lambda$doGetBean$0(AbstractBeanFactory.java:333) ~[spring-beans-7.0.6.jar:7.0.6]
	at org.springframework.beans.factory.support.DefaultSingletonBeanRegistry.getSingleton(DefaultSingletonBeanRegistry.java:371) ~[spring-beans-7.0.6.jar:7.0.6]
	at org.springframework.beans.factory.support.AbstractBeanFactory.doGetBean(AbstractBeanFactory.java:331) ~[spring-beans-7.0.6.jar:7.0.6]
	at org.springframework.beans.factory.support.AbstractBeanFactory.getBean(AbstractBeanFactory.java:196) ~[spring-beans-7.0.6.jar:7.0.6]
	at org.springframework.beans.factory.support.DefaultListableBeanFactory.instantiateSingleton(DefaultListableBeanFactory.java:1218) ~[spring-beans-7.0.6.jar:7.0.6]
	at org.springframework.beans.factory.support.DefaultListableBeanFactory.preInstantiateSingleton(DefaultListableBeanFactory.java:1184) ~[spring-beans-7.0.6.jar:7.0.6]
	at org.springframework.beans.factory.support.DefaultListableBeanFactory.preInstantiateSingletons(DefaultListableBeanFactory.java:1121) ~[spring-beans-7.0.6.jar:7.0.6]
	at org.springframework.context.support.AbstractApplicationContext.finishBeanFactoryInitialization(AbstractApplicationContext.java:994) ~[spring-context-7.0.6.jar:7.0.6]
	at org.springframework.context.support.AbstractApplicationContext.refresh(AbstractApplicationContext.java:621) ~[spring-context-7.0.6.jar:7.0.6]
	at org.springframework.boot.web.server.servlet.context.ServletWebServerApplicationContext.refresh(ServletWebServerApplicationContext.java:143) ~[spring-boot-web-server-4.0.4.jar:4.0.4]
	at org.springframework.boot.SpringApplication.refresh(SpringApplication.java:756) ~[spring-boot-4.0.4.jar:4.0.4]
	at org.springframework.boot.SpringApplication.refreshContext(SpringApplication.java:445) ~[spring-boot-4.0.4.jar:4.0.4]
	at org.springframework.boot.SpringApplication.run(SpringApplication.java:321) ~[spring-boot-4.0.4.jar:4.0.4]
	at org.springframework.boot.SpringApplication.run(SpringApplication.java:1365) ~[spring-boot-4.0.4.jar:4.0.4]
	at org.springframework.boot.SpringApplication.run(SpringApplication.java:1354) ~[spring-boot-4.0.4.jar:4.0.4]
	at com.example.demo.DemoApplication.main(DemoApplication.java:10) ~[classes/:na]
Caused by: org.springframework.jdbc.datasource.init.ScriptStatementFailedException: Failed to execute SQL script statement #5 of file [C:\Users\juanf\OneDrive\Desktop\parcial-avion-master (1)\parcial-avion-master\target\classes\data.sql]: INSERT INTO tickets (id, passenger_full_name, booking_code, purchase_date, origin_airport_id, destination_airport_id) VALUES (1, 'Laura Gomez', 'TG001', '2026-02-20 11:00:00', 1, 4), (2, 'Carlos Ruiz', 'TG002', '2026-02-22 16:20:00', 3, 1), (3, 'Ana Torres', 'TG003', '2026-02-25 09:45:00', 2, 3), (4, 'Pedro Martinez', 'TG004', '2026-02-26 14:12:00', 1, 5), (5, 'Sofia Herrera', 'TG005', '2026-02-27 10:05:00', 8, 1), (6, 'Juan Castillo', 'TG006', '2026-02-28 18:32:00', 7, 1), (7, 'Maria Lopez', 'TG007', '2026-03-01 07:21:00', 1, 10), (8, 'Daniel Perez', 'TG008', '2026-03-02 12:09:00', 6, 1), (9, 'Camila Rojas', 'TG009', '2026-03-03 15:44:00', 1, 9), (10, 'Andres Diaz', 'TG010', '2026-03-04 19:28:00', 9, 2)
	at org.springframework.jdbc.datasource.init.ScriptUtils.executeSqlScript(ScriptUtils.java:293) ~[spring-jdbc-7.0.6.jar:7.0.6]
	at org.springframework.jdbc.datasource.init.ResourceDatabasePopulator.populate(ResourceDatabasePopulator.java:254) ~[spring-jdbc-7.0.6.jar:7.0.6]
	at org.springframework.jdbc.datasource.init.DatabasePopulatorUtils.execute(DatabasePopulatorUtils.java:54) ~[spring-jdbc-7.0.6.jar:7.0.6]
	at org.springframework.boot.jdbc.init.DataSourceScriptDatabaseInitializer.runScripts(DataSourceScriptDatabaseInitializer.java:87) ~[spring-boot-jdbc-4.0.4.jar:4.0.4]
	at org.springframework.boot.sql.init.AbstractScriptDatabaseInitializer.runScripts(AbstractScriptDatabaseInitializer.java:159) ~[spring-boot-sql-4.0.4.jar:4.0.4]
	at org.springframework.boot.sql.init.AbstractScriptDatabaseInitializer.applyScripts(AbstractScriptDatabaseInitializer.java:120) ~[spring-boot-sql-4.0.4.jar:4.0.4]
	at org.springframework.boot.sql.init.AbstractScriptDatabaseInitializer.applyDataScripts(AbstractScriptDatabaseInitializer.java:113) ~[spring-boot-sql-4.0.4.jar:4.0.4]
	at org.springframework.boot.sql.init.AbstractScriptDatabaseInitializer.initializeDatabase(AbstractScriptDatabaseInitializer.java:88) ~[spring-boot-sql-4.0.4.jar:4.0.4]
	at org.springframework.boot.sql.init.AbstractScriptDatabaseInitializer.afterPropertiesSet(AbstractScriptDatabaseInitializer.java:77) ~[spring-boot-sql-4.0.4.jar:4.0.4]
	at org.springframework.beans.factory.support.AbstractAutowireCapableBeanFactory.invokeInitMethods(AbstractAutowireCapableBeanFactory.java:1864) ~[spring-beans-7.0.6.jar:7.0.6]
	at org.springframework.beans.factory.support.AbstractAutowireCapableBeanFactory.initializeBean(AbstractAutowireCapableBeanFactory.java:1813) ~[spring-beans-7.0.6.jar:7.0.6]
	... 18 common frames omitted
Caused by: org.h2.jdbc.JdbcSQLSyntaxErrorException: Columna "DESTINATION_AIRPORT_ID" no encontrada
Column "DESTINATION_AIRPORT_ID" not found; SQL statement:
INSERT INTO tickets (id, passenger_full_name, booking_code, purchase_date, origin_airport_id, destination_airport_id) VALUES (1, 'Laura Gomez', 'TG001', '2026-02-20 11:00:00', 1, 4), (2, 'Carlos Ruiz', 'TG002', '2026-02-22 16:20:00', 3, 1), (3, 'Ana Torres', 'TG003', '2026-02-25 09:45:00', 2, 3), (4, 'Pedro Martinez', 'TG004', '2026-02-26 14:12:00', 1, 5), (5, 'Sofia Herrera', 'TG005', '2026-02-27 10:05:00', 8, 1), (6, 'Juan Castillo', 'TG006', '2026-02-28 18:32:00', 7, 1), (7, 'Maria Lopez', 'TG007', '2026-03-01 07:21:00', 1, 10), (8, 'Daniel Perez', 'TG008', '2026-03-02 12:09:00', 6, 1), (9, 'Camila Rojas', 'TG009', '2026-03-03 15:44:00', 1, 9), (10, 'Andres Diaz', 'TG010', '2026-03-04 19:28:00', 9, 2) [42122-240]
	at org.h2.message.DbException.getJdbcSQLException(DbException.java:514) ~[h2-2.4.240.jar:2.4.240]
	at org.h2.message.DbException.getJdbcSQLException(DbException.java:489) ~[h2-2.4.240.jar:2.4.240]
	at org.h2.message.DbException.get(DbException.java:223) ~[h2-2.4.240.jar:2.4.240]
	at org.h2.message.DbException.get(DbException.java:199) ~[h2-2.4.240.jar:2.4.240]
	at org.h2.table.Table.getColumn(Table.java:778) ~[h2-2.4.240.jar:2.4.240]
	at org.h2.command.Parser.parseColumn(Parser.java:1174) ~[h2-2.4.240.jar:2.4.240]
	at org.h2.command.Parser.parseColumnList(Parser.java:1159) ~[h2-2.4.240.jar:2.4.240]
	at org.h2.command.Parser.parseInsert(Parser.java:1533) ~[h2-2.4.240.jar:2.4.240]
	at org.h2.command.Parser.parsePrepared(Parser.java:701) ~[h2-2.4.240.jar:2.4.240]
	at org.h2.command.Parser.parse(Parser.java:584) ~[h2-2.4.240.jar:2.4.240]
	at org.h2.command.Parser.parse(Parser.java:559) ~[h2-2.4.240.jar:2.4.240]
	at org.h2.command.Parser.prepareCommand(Parser.java:487) ~[h2-2.4.240.jar:2.4.240]
	at org.h2.engine.SessionLocal.prepareLocal(SessionLocal.java:647) ~[h2-2.4.240.jar:2.4.240]
	at org.h2.engine.SessionLocal.prepareCommand(SessionLocal.java:563) ~[h2-2.4.240.jar:2.4.240]
	at org.h2.jdbc.JdbcConnection.prepareCommand(JdbcConnection.java:1160) ~[h2-2.4.240.jar:2.4.240]
	at org.h2.jdbc.JdbcStatement.executeInternal(JdbcStatement.java:245) ~[h2-2.4.240.jar:2.4.240]
	at org.h2.jdbc.JdbcStatement.execute(JdbcStatement.java:231) ~[h2-2.4.240.jar:2.4.240]
	at com.zaxxer.hikari.pool.ProxyStatement.execute(ProxyStatement.java:95) ~[HikariCP-7.0.2.jar:na]
	at com.zaxxer.hikari.pool.HikariProxyStatement.execute(HikariProxyStatement.java) ~[HikariCP-7.0.2.jar:na]
	at org.springframework.jdbc.datasource.init.ScriptUtils.executeSqlScript(ScriptUtils.java:261) ~[spring-jdbc-7.0.6.jar:7.0.6]
	... 28 common frames omitted

2026-09-23 10:25:36.513  INFO 22192 --- [demo] [main] com.example.demo.DemoApplication         : Starting DemoApplication using Java 17.0.2 with PID 22192 (C:\Users\juanf\OneDrive\Desktop\parcial-avion-master (1)\parcial-avion-master\target\classes started by juanf in C:\Users\juanf\OneDrive\Desktop\parcial-avion-master (1)\parcial-avion-master)
2026-09-23 10:25:36.518  INFO 22192 --- [demo] [main] com.example.demo.DemoApplication         : No active profile set, falling back to 1 default profile: "default"
2026-09-23 10:25:37.244  INFO 22192 --- [demo] [main] .s.d.r.c.RepositoryConfigurationDelegate : Bootstrapping Spring Data JPA repositories in DEFAULT mode.
2026-09-23 10:25:37.356  INFO 22192 --- [demo] [main] .s.d.r.c.RepositoryConfigurationDelegate : Finished Spring Data repository scanning in 102 ms. Found 6 JPA repository interfaces.
2026-09-23 10:25:37.974  INFO 22192 --- [demo] [main] o.s.boot.tomcat.TomcatWebServer          : Tomcat initialized with port 8081 (http)
2026-09-23 10:25:37.995  INFO 22192 --- [demo] [main] o.apache.catalina.core.StandardService   : Starting service [Tomcat]
2026-09-23 10:25:37.996  INFO 22192 --- [demo] [main] o.apache.catalina.core.StandardEngine    : Starting Servlet engine: [Apache Tomcat/11.0.18]
2026-09-23 10:25:38.073  INFO 22192 --- [demo] [main] b.w.c.s.WebApplicationContextInitializer : Root WebApplicationContext: initialization completed in 1496 ms
2026-09-23 10:25:38.275  INFO 22192 --- [demo] [main] org.hibernate.orm.jpa                    : HHH008540: Processing PersistenceUnitInfo [name: default]
2026-09-23 10:25:38.342  INFO 22192 --- [demo] [main] org.hibernate.orm.core                   : HHH000001: Hibernate ORM core version 7.2.7.Final
2026-09-23 10:25:38.889  INFO 22192 --- [demo] [main] o.s.o.j.p.SpringPersistenceUnitInfo      : No LoadTimeWeaver setup: ignoring JPA class transformer
2026-09-23 10:25:38.941  INFO 22192 --- [demo] [main] com.zaxxer.hikari.HikariDataSource       : HikariPool-1 - Starting...
2026-09-23 10:25:39.150  INFO 22192 --- [demo] [main] com.zaxxer.hikari.pool.HikariPool        : HikariPool-1 - Added connection conn0: url=jdbc:h2:mem:db-test user=POSTGRES
2026-09-23 10:25:39.153  INFO 22192 --- [demo] [main] com.zaxxer.hikari.HikariDataSource       : HikariPool-1 - Start completed.
2026-09-23 10:25:39.231  INFO 22192 --- [demo] [main] org.hibernate.orm.connections.pooling    : HHH10001005: Database info:
	Database JDBC URL [jdbc:h2:mem:db-test]
	Database driver: H2 JDBC Driver
	Database dialect: H2Dialect
	Database version: 2.4.240
	Default catalog/schema: DB-TEST/PUBLIC
	Autocommit mode: undefined/unknown
	Isolation level: READ_COMMITTED [default READ_COMMITTED]
	JDBC fetch size: 100
	Pool: DataSourceConnectionProvider
	Minimum pool size: undefined/unknown
	Maximum pool size: undefined/unknown
2026-09-23 10:25:40.356  INFO 22192 --- [demo] [main] org.hibernate.orm.core                   : HHH000489: No JTA platform available (set 'hibernate.transaction.jta.platform' to enable JTA platform integration)
2026-09-23 10:25:40.434  INFO 22192 --- [demo] [main] j.LocalContainerEntityManagerFactoryBean : Initialized JPA EntityManagerFactory for persistence unit 'default'
2026-09-23 10:25:40.525  INFO 22192 --- [demo] [main] o.s.d.j.r.query.QueryEnhancerFactories   : Hibernate is in classpath; If applicable, HQL parser will be used.
2026-09-23 10:25:40.713  WARN 22192 --- [demo] [main] JpaBaseConfiguration$JpaWebConfiguration : spring.jpa.open-in-view is enabled by default. Therefore, database queries may be performed during view rendering. Explicitly configure spring.jpa.open-in-view to disable this warning
2026-09-23 10:25:41.040  INFO 22192 --- [demo] [main] o.s.b.h.a.H2ConsoleAutoConfiguration     : H2 console available at '/h2-console'. Database available at 'jdbc:h2:mem:db-test'
2026-09-23 10:25:41.081  WARN 22192 --- [demo] [main] ConfigServletWebServerApplicationContext : Exception encountered during context initialization - cancelling refresh attempt: org.springframework.beans.factory.BeanCreationException: Error creating bean with name 'dataSourceScriptDatabaseInitializer' defined in class path resource [org/springframework/boot/jdbc/autoconfigure/DataSourceInitializationAutoConfiguration.class]: Failed to execute SQL script statement #6 of file [C:\Users\juanf\OneDrive\Desktop\parcial-avion-master (1)\parcial-avion-master\target\classes\data.sql]: INSERT INTO ticket_flights (id, segment_order, ticket_id, flight_id) VALUES (1, 1, 1, 1), (2, 2, 1, 7), (3, 1, 2, 4), (4, 1, 3, 3), (5, 2, 3, 20), (6, 1, 4, 11), (7, 1, 5, 13), (8, 1, 6, 8), (9, 1, 7, 2), (10, 1, 8, 10), (11, 1, 9, 12), (12, 1, 10, 15), (13, 2, 10, 19), (14, 1, 2, 18), (15, 2, 2, 6), (16, 1, 5, 5), (17, 2, 5, 17), (18, 1, 6, 14), (19, 1, 4, 16), (20, 2, 4, 10)
2026-09-23 10:25:41.083  INFO 22192 --- [demo] [main] j.LocalContainerEntityManagerFactoryBean : Closing JPA EntityManagerFactory for persistence unit 'default'
2026-09-23 10:25:41.093  INFO 22192 --- [demo] [main] com.zaxxer.hikari.HikariDataSource       : HikariPool-1 - Shutdown initiated...
2026-09-23 10:25:41.095  INFO 22192 --- [demo] [main] com.zaxxer.hikari.HikariDataSource       : HikariPool-1 - Shutdown completed.
2026-09-23 10:25:41.098  INFO 22192 --- [demo] [main] o.apache.catalina.core.StandardService   : Stopping service [Tomcat]
2026-09-23 10:25:41.109  INFO 22192 --- [demo] [main] .s.b.a.l.ConditionEvaluationReportLogger : 

Error starting ApplicationContext. To display the condition evaluation report re-run your application with 'debug' enabled.
2026-09-23 10:25:41.127 ERROR 22192 --- [demo] [main] o.s.boot.SpringApplication               : Application run failed

org.springframework.beans.factory.BeanCreationException: Error creating bean with name 'dataSourceScriptDatabaseInitializer' defined in class path resource [org/springframework/boot/jdbc/autoconfigure/DataSourceInitializationAutoConfiguration.class]: Failed to execute SQL script statement #6 of file [C:\Users\juanf\OneDrive\Desktop\parcial-avion-master (1)\parcial-avion-master\target\classes\data.sql]: INSERT INTO ticket_flights (id, segment_order, ticket_id, flight_id) VALUES (1, 1, 1, 1), (2, 2, 1, 7), (3, 1, 2, 4), (4, 1, 3, 3), (5, 2, 3, 20), (6, 1, 4, 11), (7, 1, 5, 13), (8, 1, 6, 8), (9, 1, 7, 2), (10, 1, 8, 10), (11, 1, 9, 12), (12, 1, 10, 15), (13, 2, 10, 19), (14, 1, 2, 18), (15, 2, 2, 6), (16, 1, 5, 5), (17, 2, 5, 17), (18, 1, 6, 14), (19, 1, 4, 16), (20, 2, 4, 10)
	at org.springframework.beans.factory.support.AbstractAutowireCapableBeanFactory.initializeBean(AbstractAutowireCapableBeanFactory.java:1817) ~[spring-beans-7.0.6.jar:7.0.6]
	at org.springframework.beans.factory.support.AbstractAutowireCapableBeanFactory.doCreateBean(AbstractAutowireCapableBeanFactory.java:603) ~[spring-beans-7.0.6.jar:7.0.6]
	at org.springframework.beans.factory.support.AbstractAutowireCapableBeanFactory.createBean(AbstractAutowireCapableBeanFactory.java:525) ~[spring-beans-7.0.6.jar:7.0.6]
	at org.springframework.beans.factory.support.AbstractBeanFactory.lambda$doGetBean$0(AbstractBeanFactory.java:333) ~[spring-beans-7.0.6.jar:7.0.6]
	at org.springframework.beans.factory.support.DefaultSingletonBeanRegistry.getSingleton(DefaultSingletonBeanRegistry.java:371) ~[spring-beans-7.0.6.jar:7.0.6]
	at org.springframework.beans.factory.support.AbstractBeanFactory.doGetBean(AbstractBeanFactory.java:331) ~[spring-beans-7.0.6.jar:7.0.6]
	at org.springframework.beans.factory.support.AbstractBeanFactory.getBean(AbstractBeanFactory.java:196) ~[spring-beans-7.0.6.jar:7.0.6]
	at org.springframework.beans.factory.support.DefaultListableBeanFactory.instantiateSingleton(DefaultListableBeanFactory.java:1218) ~[spring-beans-7.0.6.jar:7.0.6]
	at org.springframework.beans.factory.support.DefaultListableBeanFactory.preInstantiateSingleton(DefaultListableBeanFactory.java:1184) ~[spring-beans-7.0.6.jar:7.0.6]
	at org.springframework.beans.factory.support.DefaultListableBeanFactory.preInstantiateSingletons(DefaultListableBeanFactory.java:1121) ~[spring-beans-7.0.6.jar:7.0.6]
	at org.springframework.context.support.AbstractApplicationContext.finishBeanFactoryInitialization(AbstractApplicationContext.java:994) ~[spring-context-7.0.6.jar:7.0.6]
	at org.springframework.context.support.AbstractApplicationContext.refresh(AbstractApplicationContext.java:621) ~[spring-context-7.0.6.jar:7.0.6]
	at org.springframework.boot.web.server.servlet.context.ServletWebServerApplicationContext.refresh(ServletWebServerApplicationContext.java:143) ~[spring-boot-web-server-4.0.4.jar:4.0.4]
	at org.springframework.boot.SpringApplication.refresh(SpringApplication.java:756) ~[spring-boot-4.0.4.jar:4.0.4]
	at org.springframework.boot.SpringApplication.refreshContext(SpringApplication.java:445) ~[spring-boot-4.0.4.jar:4.0.4]
	at org.springframework.boot.SpringApplication.run(SpringApplication.java:321) ~[spring-boot-4.0.4.jar:4.0.4]
	at org.springframework.boot.SpringApplication.run(SpringApplication.java:1365) ~[spring-boot-4.0.4.jar:4.0.4]
	at org.springframework.boot.SpringApplication.run(SpringApplication.java:1354) ~[spring-boot-4.0.4.jar:4.0.4]
	at com.example.demo.DemoApplication.main(DemoApplication.java:10) ~[classes/:na]
Caused by: org.springframework.jdbc.datasource.init.ScriptStatementFailedException: Failed to execute SQL script statement #6 of file [C:\Users\juanf\OneDrive\Desktop\parcial-avion-master (1)\parcial-avion-master\target\classes\data.sql]: INSERT INTO ticket_flights (id, segment_order, ticket_id, flight_id) VALUES (1, 1, 1, 1), (2, 2, 1, 7), (3, 1, 2, 4), (4, 1, 3, 3), (5, 2, 3, 20), (6, 1, 4, 11), (7, 1, 5, 13), (8, 1, 6, 8), (9, 1, 7, 2), (10, 1, 8, 10), (11, 1, 9, 12), (12, 1, 10, 15), (13, 2, 10, 19), (14, 1, 2, 18), (15, 2, 2, 6), (16, 1, 5, 5), (17, 2, 5, 17), (18, 1, 6, 14), (19, 1, 4, 16), (20, 2, 4, 10)
	at org.springframework.jdbc.datasource.init.ScriptUtils.executeSqlScript(ScriptUtils.java:293) ~[spring-jdbc-7.0.6.jar:7.0.6]
	at org.springframework.jdbc.datasource.init.ResourceDatabasePopulator.populate(ResourceDatabasePopulator.java:254) ~[spring-jdbc-7.0.6.jar:7.0.6]
	at org.springframework.jdbc.datasource.init.DatabasePopulatorUtils.execute(DatabasePopulatorUtils.java:54) ~[spring-jdbc-7.0.6.jar:7.0.6]
	at org.springframework.boot.jdbc.init.DataSourceScriptDatabaseInitializer.runScripts(DataSourceScriptDatabaseInitializer.java:87) ~[spring-boot-jdbc-4.0.4.jar:4.0.4]
	at org.springframework.boot.sql.init.AbstractScriptDatabaseInitializer.runScripts(AbstractScriptDatabaseInitializer.java:159) ~[spring-boot-sql-4.0.4.jar:4.0.4]
	at org.springframework.boot.sql.init.AbstractScriptDatabaseInitializer.applyScripts(AbstractScriptDatabaseInitializer.java:120) ~[spring-boot-sql-4.0.4.jar:4.0.4]
	at org.springframework.boot.sql.init.AbstractScriptDatabaseInitializer.applyDataScripts(AbstractScriptDatabaseInitializer.java:113) ~[spring-boot-sql-4.0.4.jar:4.0.4]
	at org.springframework.boot.sql.init.AbstractScriptDatabaseInitializer.initializeDatabase(AbstractScriptDatabaseInitializer.java:88) ~[spring-boot-sql-4.0.4.jar:4.0.4]
	at org.springframework.boot.sql.init.AbstractScriptDatabaseInitializer.afterPropertiesSet(AbstractScriptDatabaseInitializer.java:77) ~[spring-boot-sql-4.0.4.jar:4.0.4]
	at org.springframework.beans.factory.support.AbstractAutowireCapableBeanFactory.invokeInitMethods(AbstractAutowireCapableBeanFactory.java:1864) ~[spring-beans-7.0.6.jar:7.0.6]
	at org.springframework.beans.factory.support.AbstractAutowireCapableBeanFactory.initializeBean(AbstractAutowireCapableBeanFactory.java:1813) ~[spring-beans-7.0.6.jar:7.0.6]
	... 18 common frames omitted
Caused by: org.h2.jdbc.JdbcSQLIntegrityConstraintViolationException: Violación de una restricción de Integridad Referencial: "FKIGC5Y2V08TK4C6JYFA6ADPAG8: PUBLIC.TICKET_FLIGHTS FOREIGN KEY(FLIGHT_ID) REFERENCES PUBLIC.TICKETS(ID) (CAST(20 AS BIGINT))"
Referential integrity constraint violation: "FKIGC5Y2V08TK4C6JYFA6ADPAG8: PUBLIC.TICKET_FLIGHTS FOREIGN KEY(FLIGHT_ID) REFERENCES PUBLIC.TICKETS(ID) (CAST(20 AS BIGINT))"; SQL statement:
INSERT INTO ticket_flights (id, segment_order, ticket_id, flight_id) VALUES (1, 1, 1, 1), (2, 2, 1, 7), (3, 1, 2, 4), (4, 1, 3, 3), (5, 2, 3, 20), (6, 1, 4, 11), (7, 1, 5, 13), (8, 1, 6, 8), (9, 1, 7, 2), (10, 1, 8, 10), (11, 1, 9, 12), (12, 1, 10, 15), (13, 2, 10, 19), (14, 1, 2, 18), (15, 2, 2, 6), (16, 1, 5, 5), (17, 2, 5, 17), (18, 1, 6, 14), (19, 1, 4, 16), (20, 2, 4, 10) [23506-240]
	at org.h2.message.DbException.getJdbcSQLException(DbException.java:520) ~[h2-2.4.240.jar:2.4.240]
	at org.h2.message.DbException.getJdbcSQLException(DbException.java:489) ~[h2-2.4.240.jar:2.4.240]
	at org.h2.message.DbException.get(DbException.java:223) ~[h2-2.4.240.jar:2.4.240]
	at org.h2.message.DbException.get(DbException.java:199) ~[h2-2.4.240.jar:2.4.240]
	at org.h2.constraint.ConstraintReferential.checkRowOwnTable(ConstraintReferential.java:309) ~[h2-2.4.240.jar:2.4.240]
	at org.h2.constraint.ConstraintReferential.checkRow(ConstraintReferential.java:250) ~[h2-2.4.240.jar:2.4.240]
	at org.h2.table.Table.fireConstraints(Table.java:1208) ~[h2-2.4.240.jar:2.4.240]
	at org.h2.table.Table.fireAfterRow(Table.java:1226) ~[h2-2.4.240.jar:2.4.240]
	at org.h2.command.dml.Insert.insertRows(Insert.java:188) ~[h2-2.4.240.jar:2.4.240]
	at org.h2.command.dml.Insert.update(Insert.java:135) ~[h2-2.4.240.jar:2.4.240]
	at org.h2.command.dml.DataChangeStatement.update(DataChangeStatement.java:77) ~[h2-2.4.240.jar:2.4.240]
	at org.h2.command.CommandContainer.update(CommandContainer.java:139) ~[h2-2.4.240.jar:2.4.240]
	at org.h2.command.Command.executeUpdate(Command.java:306) ~[h2-2.4.240.jar:2.4.240]
	at org.h2.command.Command.executeUpdate(Command.java:250) ~[h2-2.4.240.jar:2.4.240]
	at org.h2.jdbc.JdbcStatement.executeInternal(JdbcStatement.java:262) ~[h2-2.4.240.jar:2.4.240]
	at org.h2.jdbc.JdbcStatement.execute(JdbcStatement.java:231) ~[h2-2.4.240.jar:2.4.240]
	at com.zaxxer.hikari.pool.ProxyStatement.execute(ProxyStatement.java:95) ~[HikariCP-7.0.2.jar:na]
	at com.zaxxer.hikari.pool.HikariProxyStatement.execute(HikariProxyStatement.java) ~[HikariCP-7.0.2.jar:na]
	at org.springframework.jdbc.datasource.init.ScriptUtils.executeSqlScript(ScriptUtils.java:261) ~[spring-jdbc-7.0.6.jar:7.0.6]
	... 28 common frames omitted

2026-09-23 10:27:10.051  INFO 12988 --- [demo] [main] com.example.demo.DemoApplication         : Starting DemoApplication using Java 17.0.2 with PID 12988 (C:\Users\juanf\OneDrive\Desktop\parcial-avion-master (1)\parcial-avion-master\target\classes started by juanf in C:\Users\juanf\OneDrive\Desktop\parcial-avion-master (1)\parcial-avion-master)
2026-09-23 10:27:10.056  INFO 12988 --- [demo] [main] com.example.demo.DemoApplication         : No active profile set, falling back to 1 default profile: "default"
2026-09-23 10:27:10.777  INFO 12988 --- [demo] [main] .s.d.r.c.RepositoryConfigurationDelegate : Bootstrapping Spring Data JPA repositories in DEFAULT mode.
2026-09-23 10:27:10.866  INFO 12988 --- [demo] [main] .s.d.r.c.RepositoryConfigurationDelegate : Finished Spring Data repository scanning in 78 ms. Found 6 JPA repository interfaces.
2026-09-23 10:27:11.415  INFO 12988 --- [demo] [main] o.s.boot.tomcat.TomcatWebServer          : Tomcat initialized with port 8081 (http)
2026-09-23 10:27:11.443  INFO 12988 --- [demo] [main] o.apache.catalina.core.StandardService   : Starting service [Tomcat]
2026-09-23 10:27:11.443  INFO 12988 --- [demo] [main] o.apache.catalina.core.StandardEngine    : Starting Servlet engine: [Apache Tomcat/11.0.18]
2026-09-23 10:27:11.522  INFO 12988 --- [demo] [main] b.w.c.s.WebApplicationContextInitializer : Root WebApplicationContext: initialization completed in 1411 ms
2026-09-23 10:27:11.714  INFO 12988 --- [demo] [main] org.hibernate.orm.jpa                    : HHH008540: Processing PersistenceUnitInfo [name: default]
2026-09-23 10:27:11.836  INFO 12988 --- [demo] [main] org.hibernate.orm.core                   : HHH000001: Hibernate ORM core version 7.2.7.Final
2026-09-23 10:27:12.380  INFO 12988 --- [demo] [main] o.s.o.j.p.SpringPersistenceUnitInfo      : No LoadTimeWeaver setup: ignoring JPA class transformer
2026-09-23 10:27:12.440  INFO 12988 --- [demo] [main] com.zaxxer.hikari.HikariDataSource       : HikariPool-1 - Starting...
2026-09-23 10:27:12.721  INFO 12988 --- [demo] [main] com.zaxxer.hikari.pool.HikariPool        : HikariPool-1 - Added connection conn0: url=jdbc:h2:mem:db-test user=POSTGRES
2026-09-23 10:27:12.723  INFO 12988 --- [demo] [main] com.zaxxer.hikari.HikariDataSource       : HikariPool-1 - Start completed.
2026-09-23 10:27:12.794  INFO 12988 --- [demo] [main] org.hibernate.orm.connections.pooling    : HHH10001005: Database info:
	Database JDBC URL [jdbc:h2:mem:db-test]
	Database driver: H2 JDBC Driver
	Database dialect: H2Dialect
	Database version: 2.4.240
	Default catalog/schema: DB-TEST/PUBLIC
	Autocommit mode: undefined/unknown
	Isolation level: READ_COMMITTED [default READ_COMMITTED]
	JDBC fetch size: 100
	Pool: DataSourceConnectionProvider
	Minimum pool size: undefined/unknown
	Maximum pool size: undefined/unknown
2026-09-23 10:27:13.917  INFO 12988 --- [demo] [main] org.hibernate.orm.core                   : HHH000489: No JTA platform available (set 'hibernate.transaction.jta.platform' to enable JTA platform integration)
2026-09-23 10:27:14.015  INFO 12988 --- [demo] [main] j.LocalContainerEntityManagerFactoryBean : Initialized JPA EntityManagerFactory for persistence unit 'default'
2026-09-23 10:27:14.102  INFO 12988 --- [demo] [main] o.s.d.j.r.query.QueryEnhancerFactories   : Hibernate is in classpath; If applicable, HQL parser will be used.
2026-09-23 10:27:14.295  WARN 12988 --- [demo] [main] JpaBaseConfiguration$JpaWebConfiguration : spring.jpa.open-in-view is enabled by default. Therefore, database queries may be performed during view rendering. Explicitly configure spring.jpa.open-in-view to disable this warning
2026-09-23 10:27:14.638  INFO 12988 --- [demo] [main] o.s.b.h.a.H2ConsoleAutoConfiguration     : H2 console available at '/h2-console'. Database available at 'jdbc:h2:mem:db-test'
2026-09-23 10:27:14.756  INFO 12988 --- [demo] [main] o.s.boot.tomcat.TomcatWebServer          : Tomcat started on port 8081 (http) with context path '/compunet2-2026'
2026-09-23 10:27:14.764  INFO 12988 --- [demo] [main] com.example.demo.DemoApplication         : Started DemoApplication in 5.259 seconds (process running for 5.678)
2026-09-23 10:28:27.168  INFO 12988 --- [demo] [http-nio-8081-exec-1] o.a.c.c.C.[.[.[/compunet2-2026]          : Initializing Spring DispatcherServlet 'dispatcherServlet'
2026-09-23 10:28:27.169  INFO 12988 --- [demo] [http-nio-8081-exec-1] o.s.web.servlet.DispatcherServlet        : Initializing Servlet 'dispatcherServlet'
2026-09-23 10:28:27.173  INFO 12988 --- [demo] [http-nio-8081-exec-1] o.s.web.servlet.DispatcherServlet        : Completed initialization in 4 ms
2026-09-23 10:31:42.238  INFO 12988 --- [demo] [SpringApplicationShutdownHook] o.s.boot.tomcat.GracefulShutdown         : Commencing graceful shutdown. Waiting for active requests to complete
2026-09-23 10:31:42.678  INFO 12988 --- [demo] [tomcat-shutdown] o.s.boot.tomcat.GracefulShutdown         : Graceful shutdown complete
2026-09-23 10:31:42.682  INFO 12988 --- [demo] [SpringApplicationShutdownHook] j.LocalContainerEntityManagerFactoryBean : Closing JPA EntityManagerFactory for persistence unit 'default'
2026-09-23 10:31:42.690  INFO 12988 --- [demo] [SpringApplicationShutdownHook] com.zaxxer.hikari.HikariDataSource       : HikariPool-1 - Shutdown initiated...
2026-09-23 10:31:42.693  INFO 12988 --- [demo] [SpringApplicationShutdownHook] com.zaxxer.hikari.HikariDataSource       : HikariPool-1 - Shutdown completed.
2026-09-23 11:04:57.606  INFO 22624 --- [demo] [main] com.example.demo.DemoApplication         : Starting DemoApplication using Java 17.0.2 with PID 22624 (C:\Users\juanf\OneDrive\Desktop\parcial-avion-master (1)\parcial-avion-master\target\classes started by juanf in C:\Users\juanf\OneDrive\Desktop\parcial-avion-master (1)\parcial-avion-master)
2026-09-23 11:04:57.610  INFO 22624 --- [demo] [main] com.example.demo.DemoApplication         : No active profile set, falling back to 1 default profile: "default"
2026-09-23 11:04:58.782  INFO 22624 --- [demo] [main] .s.d.r.c.RepositoryConfigurationDelegate : Bootstrapping Spring Data JPA repositories in DEFAULT mode.
2026-09-23 11:04:58.877  INFO 22624 --- [demo] [main] .s.d.r.c.RepositoryConfigurationDelegate : Finished Spring Data repository scanning in 82 ms. Found 6 JPA repository interfaces.
2026-09-23 11:04:59.618  INFO 22624 --- [demo] [main] o.s.boot.tomcat.TomcatWebServer          : Tomcat initialized with port 8081 (http)
2026-09-23 11:04:59.647  INFO 22624 --- [demo] [main] o.apache.catalina.core.StandardService   : Starting service [Tomcat]
2026-09-23 11:04:59.648  INFO 22624 --- [demo] [main] o.apache.catalina.core.StandardEngine    : Starting Servlet engine: [Apache Tomcat/11.0.18]
2026-09-23 11:04:59.735  INFO 22624 --- [demo] [main] b.w.c.s.WebApplicationContextInitializer : Root WebApplicationContext: initialization completed in 2059 ms
2026-09-23 11:05:00.028  INFO 22624 --- [demo] [main] org.hibernate.orm.jpa                    : HHH008540: Processing PersistenceUnitInfo [name: default]
2026-09-23 11:05:00.091  INFO 22624 --- [demo] [main] org.hibernate.orm.core                   : HHH000001: Hibernate ORM core version 7.2.7.Final
2026-09-23 11:05:01.187  INFO 22624 --- [demo] [main] o.s.o.j.p.SpringPersistenceUnitInfo      : No LoadTimeWeaver setup: ignoring JPA class transformer
2026-09-23 11:05:01.253  INFO 22624 --- [demo] [main] com.zaxxer.hikari.HikariDataSource       : HikariPool-1 - Starting...
2026-09-23 11:05:01.526  INFO 22624 --- [demo] [main] com.zaxxer.hikari.pool.HikariPool        : HikariPool-1 - Added connection conn0: url=jdbc:h2:mem:db-test user=POSTGRES
2026-09-23 11:05:01.530  INFO 22624 --- [demo] [main] com.zaxxer.hikari.HikariDataSource       : HikariPool-1 - Start completed.
2026-09-23 11:05:01.718  INFO 22624 --- [demo] [main] org.hibernate.orm.connections.pooling    : HHH10001005: Database info:
	Database JDBC URL [jdbc:h2:mem:db-test]
	Database driver: H2 JDBC Driver
	Database dialect: H2Dialect
	Database version: 2.4.240
	Default catalog/schema: DB-TEST/PUBLIC
	Autocommit mode: undefined/unknown
	Isolation level: READ_COMMITTED [default READ_COMMITTED]
	JDBC fetch size: 100
	Pool: DataSourceConnectionProvider
	Minimum pool size: undefined/unknown
	Maximum pool size: undefined/unknown
2026-09-23 11:05:03.282  INFO 22624 --- [demo] [main] org.hibernate.orm.core                   : HHH000489: No JTA platform available (set 'hibernate.transaction.jta.platform' to enable JTA platform integration)
2026-09-23 11:05:03.388  INFO 22624 --- [demo] [main] j.LocalContainerEntityManagerFactoryBean : Initialized JPA EntityManagerFactory for persistence unit 'default'
2026-09-23 11:05:03.489  INFO 22624 --- [demo] [main] o.s.d.j.r.query.QueryEnhancerFactories   : Hibernate is in classpath; If applicable, HQL parser will be used.
2026-09-23 11:05:03.849  WARN 22624 --- [demo] [main] JpaBaseConfiguration$JpaWebConfiguration : spring.jpa.open-in-view is enabled by default. Therefore, database queries may be performed during view rendering. Explicitly configure spring.jpa.open-in-view to disable this warning
2026-09-23 11:05:04.250  INFO 22624 --- [demo] [main] o.s.b.h.a.H2ConsoleAutoConfiguration     : H2 console available at '/h2-console'. Database available at 'jdbc:h2:mem:db-test'
2026-09-23 11:05:04.369  INFO 22624 --- [demo] [main] o.s.boot.tomcat.TomcatWebServer          : Tomcat started on port 8081 (http) with context path '/compunet2-2026'
2026-09-23 11:05:04.377  INFO 22624 --- [demo] [main] com.example.demo.DemoApplication         : Started DemoApplication in 7.451 seconds (process running for 8.07)
2026-09-23 11:05:11.226  INFO 22624 --- [demo] [http-nio-8081-exec-1] o.a.c.c.C.[.[.[/compunet2-2026]          : Initializing Spring DispatcherServlet 'dispatcherServlet'
2026-09-23 11:05:11.226  INFO 22624 --- [demo] [http-nio-8081-exec-1] o.s.web.servlet.DispatcherServlet        : Initializing Servlet 'dispatcherServlet'
2026-09-23 11:05:11.229  INFO 22624 --- [demo] [http-nio-8081-exec-1] o.s.web.servlet.DispatcherServlet        : Completed initialization in 1 ms
2026-09-23 11:40:54.871  INFO 22624 --- [demo] [SpringApplicationShutdownHook] o.s.boot.tomcat.GracefulShutdown         : Commencing graceful shutdown. Waiting for active requests to complete
2026-09-23 11:40:55.634  INFO 22624 --- [demo] [tomcat-shutdown] o.s.boot.tomcat.GracefulShutdown         : Graceful shutdown complete
2026-09-23 11:40:55.639  INFO 22624 --- [demo] [SpringApplicationShutdownHook] j.LocalContainerEntityManagerFactoryBean : Closing JPA EntityManagerFactory for persistence unit 'default'
2026-09-23 11:40:55.662  INFO 22624 --- [demo] [SpringApplicationShutdownHook] com.zaxxer.hikari.HikariDataSource       : HikariPool-1 - Shutdown initiated...
2026-09-23 11:40:55.669  INFO 22624 --- [demo] [SpringApplicationShutdownHook] com.zaxxer.hikari.HikariDataSource       : HikariPool-1 - Shutdown completed.
2026-09-23 12:02:45.110  INFO 23988 --- [demo] [main] com.example.demo.DemoApplication         : Starting DemoApplication using Java 17.0.2 with PID 23988 (C:\Users\juanf\OneDrive\Desktop\parcial-avion-master (1)\parcial-avion-master\target\classes started by juanf in C:\Users\juanf\OneDrive\Desktop\parcial-avion-master (1)\parcial-avion-master)
2026-09-23 12:02:45.116  INFO 23988 --- [demo] [main] com.example.demo.DemoApplication         : No active profile set, falling back to 1 default profile: "default"
2026-09-23 12:02:46.074  INFO 23988 --- [demo] [main] .s.d.r.c.RepositoryConfigurationDelegate : Bootstrapping Spring Data JPA repositories in DEFAULT mode.
2026-09-23 12:02:46.193  INFO 23988 --- [demo] [main] .s.d.r.c.RepositoryConfigurationDelegate : Finished Spring Data repository scanning in 105 ms. Found 6 JPA repository interfaces.
2026-09-23 12:02:47.050  INFO 23988 --- [demo] [main] o.s.boot.tomcat.TomcatWebServer          : Tomcat initialized with port 8081 (http)
2026-09-23 12:02:47.086  INFO 23988 --- [demo] [main] o.apache.catalina.core.StandardService   : Starting service [Tomcat]
2026-09-23 12:02:47.088  INFO 23988 --- [demo] [main] o.apache.catalina.core.StandardEngine    : Starting Servlet engine: [Apache Tomcat/11.0.18]
2026-09-23 12:02:47.239  INFO 23988 --- [demo] [main] b.w.c.s.WebApplicationContextInitializer : Root WebApplicationContext: initialization completed in 2058 ms
2026-09-23 12:02:47.627  INFO 23988 --- [demo] [main] org.hibernate.orm.jpa                    : HHH008540: Processing PersistenceUnitInfo [name: default]
2026-09-23 12:02:47.704  INFO 23988 --- [demo] [main] org.hibernate.orm.core                   : HHH000001: Hibernate ORM core version 7.2.7.Final
2026-09-23 12:02:48.679  INFO 23988 --- [demo] [main] o.s.o.j.p.SpringPersistenceUnitInfo      : No LoadTimeWeaver setup: ignoring JPA class transformer
2026-09-23 12:02:48.743  INFO 23988 --- [demo] [main] com.zaxxer.hikari.HikariDataSource       : HikariPool-1 - Starting...
2026-09-23 12:02:49.135  INFO 23988 --- [demo] [main] com.zaxxer.hikari.pool.HikariPool        : HikariPool-1 - Added connection conn0: url=jdbc:h2:mem:db-test user=POSTGRES
2026-09-23 12:02:49.139  INFO 23988 --- [demo] [main] com.zaxxer.hikari.HikariDataSource       : HikariPool-1 - Start completed.
2026-09-23 12:02:49.239  INFO 23988 --- [demo] [main] org.hibernate.orm.connections.pooling    : HHH10001005: Database info:
	Database JDBC URL [jdbc:h2:mem:db-test]
	Database driver: H2 JDBC Driver
	Database dialect: H2Dialect
	Database version: 2.4.240
	Default catalog/schema: DB-TEST/PUBLIC
	Autocommit mode: undefined/unknown
	Isolation level: READ_COMMITTED [default READ_COMMITTED]
	JDBC fetch size: 100
	Pool: DataSourceConnectionProvider
	Minimum pool size: undefined/unknown
	Maximum pool size: undefined/unknown
2026-09-23 12:02:50.994  INFO 23988 --- [demo] [main] org.hibernate.orm.core                   : HHH000489: No JTA platform available (set 'hibernate.transaction.jta.platform' to enable JTA platform integration)
2026-09-23 12:02:51.159  INFO 23988 --- [demo] [main] j.LocalContainerEntityManagerFactoryBean : Initialized JPA EntityManagerFactory for persistence unit 'default'
2026-09-23 12:02:51.274  INFO 23988 --- [demo] [main] o.s.d.j.r.query.QueryEnhancerFactories   : Hibernate is in classpath; If applicable, HQL parser will be used.
2026-09-23 12:02:51.686  WARN 23988 --- [demo] [main] ConfigServletWebServerApplicationContext : Exception encountered during context initialization - cancelling refresh attempt: org.springframework.beans.factory.UnsatisfiedDependencyException: Error creating bean with name 'controller' defined in file [C:\Users\juanf\OneDrive\Desktop\parcial-avion-master (1)\parcial-avion-master\target\classes\com\example\demo\controller\Controller.class]: Unsatisfied dependency expressed through constructor parameter 3: Error creating bean with name 'IFlightRepository' defined in com.example.demo.repository.IFlightRepository defined in @EnableJpaRepositories declared on DataJpaRepositoriesRegistrar.EnableJpaRepositoriesConfiguration: No property 'estimatedPassengers' found for type 'Flight'
2026-09-23 12:02:51.688  INFO 23988 --- [demo] [main] j.LocalContainerEntityManagerFactoryBean : Closing JPA EntityManagerFactory for persistence unit 'default'
2026-09-23 12:02:51.706  INFO 23988 --- [demo] [main] com.zaxxer.hikari.HikariDataSource       : HikariPool-1 - Shutdown initiated...
2026-09-23 12:02:51.711  INFO 23988 --- [demo] [main] com.zaxxer.hikari.HikariDataSource       : HikariPool-1 - Shutdown completed.
2026-09-23 12:02:51.717  INFO 23988 --- [demo] [main] o.apache.catalina.core.StandardService   : Stopping service [Tomcat]
2026-09-23 12:02:51.734  INFO 23988 --- [demo] [main] .s.b.a.l.ConditionEvaluationReportLogger : 

Error starting ApplicationContext. To display the condition evaluation report re-run your application with 'debug' enabled.
2026-09-23 12:02:51.756 ERROR 23988 --- [demo] [main] o.s.boot.SpringApplication               : Application run failed

org.springframework.beans.factory.UnsatisfiedDependencyException: Error creating bean with name 'controller' defined in file [C:\Users\juanf\OneDrive\Desktop\parcial-avion-master (1)\parcial-avion-master\target\classes\com\example\demo\controller\Controller.class]: Unsatisfied dependency expressed through constructor parameter 3: Error creating bean with name 'IFlightRepository' defined in com.example.demo.repository.IFlightRepository defined in @EnableJpaRepositories declared on DataJpaRepositoriesRegistrar.EnableJpaRepositoriesConfiguration: No property 'estimatedPassengers' found for type 'Flight'
	at org.springframework.beans.factory.support.ConstructorResolver.createArgumentArray(ConstructorResolver.java:804) ~[spring-beans-7.0.6.jar:7.0.6]
	at org.springframework.beans.factory.support.ConstructorResolver.autowireConstructor(ConstructorResolver.java:240) ~[spring-beans-7.0.6.jar:7.0.6]
	at org.springframework.beans.factory.support.AbstractAutowireCapableBeanFactory.autowireConstructor(AbstractAutowireCapableBeanFactory.java:1382) ~[spring-beans-7.0.6.jar:7.0.6]
	at org.springframework.beans.factory.support.AbstractAutowireCapableBeanFactory.createBeanInstance(AbstractAutowireCapableBeanFactory.java:1221) ~[spring-beans-7.0.6.jar:7.0.6]
	at org.springframework.beans.factory.support.AbstractAutowireCapableBeanFactory.doCreateBean(AbstractAutowireCapableBeanFactory.java:565) ~[spring-beans-7.0.6.jar:7.0.6]
	at org.springframework.beans.factory.support.AbstractAutowireCapableBeanFactory.createBean(AbstractAutowireCapableBeanFactory.java:525) ~[spring-beans-7.0.6.jar:7.0.6]
	at org.springframework.beans.factory.support.AbstractBeanFactory.lambda$doGetBean$0(AbstractBeanFactory.java:333) ~[spring-beans-7.0.6.jar:7.0.6]
	at org.springframework.beans.factory.support.DefaultSingletonBeanRegistry.getSingleton(DefaultSingletonBeanRegistry.java:371) ~[spring-beans-7.0.6.jar:7.0.6]
	at org.springframework.beans.factory.support.AbstractBeanFactory.doGetBean(AbstractBeanFactory.java:331) ~[spring-beans-7.0.6.jar:7.0.6]
	at org.springframework.beans.factory.support.AbstractBeanFactory.getBean(AbstractBeanFactory.java:196) ~[spring-beans-7.0.6.jar:7.0.6]
	at org.springframework.beans.factory.support.DefaultListableBeanFactory.instantiateSingleton(DefaultListableBeanFactory.java:1218) ~[spring-beans-7.0.6.jar:7.0.6]
	at org.springframework.beans.factory.support.DefaultListableBeanFactory.preInstantiateSingleton(DefaultListableBeanFactory.java:1184) ~[spring-beans-7.0.6.jar:7.0.6]
	at org.springframework.beans.factory.support.DefaultListableBeanFactory.preInstantiateSingletons(DefaultListableBeanFactory.java:1121) ~[spring-beans-7.0.6.jar:7.0.6]
	at org.springframework.context.support.AbstractApplicationContext.finishBeanFactoryInitialization(AbstractApplicationContext.java:994) ~[spring-context-7.0.6.jar:7.0.6]
	at org.springframework.context.support.AbstractApplicationContext.refresh(AbstractApplicationContext.java:621) ~[spring-context-7.0.6.jar:7.0.6]
	at org.springframework.boot.web.server.servlet.context.ServletWebServerApplicationContext.refresh(ServletWebServerApplicationContext.java:143) ~[spring-boot-web-server-4.0.4.jar:4.0.4]
	at org.springframework.boot.SpringApplication.refresh(SpringApplication.java:756) ~[spring-boot-4.0.4.jar:4.0.4]
	at org.springframework.boot.SpringApplication.refreshContext(SpringApplication.java:445) ~[spring-boot-4.0.4.jar:4.0.4]
	at org.springframework.boot.SpringApplication.run(SpringApplication.java:321) ~[spring-boot-4.0.4.jar:4.0.4]
	at org.springframework.boot.SpringApplication.run(SpringApplication.java:1365) ~[spring-boot-4.0.4.jar:4.0.4]
	at org.springframework.boot.SpringApplication.run(SpringApplication.java:1354) ~[spring-boot-4.0.4.jar:4.0.4]
	at com.example.demo.DemoApplication.main(DemoApplication.java:10) ~[classes/:na]
Caused by: org.springframework.beans.factory.BeanCreationException: Error creating bean with name 'IFlightRepository' defined in com.example.demo.repository.IFlightRepository defined in @EnableJpaRepositories declared on DataJpaRepositoriesRegistrar.EnableJpaRepositoriesConfiguration: No property 'estimatedPassengers' found for type 'Flight'
	at org.springframework.beans.factory.support.AbstractAutowireCapableBeanFactory.initializeBean(AbstractAutowireCapableBeanFactory.java:1817) ~[spring-beans-7.0.6.jar:7.0.6]
	at org.springframework.beans.factory.support.AbstractAutowireCapableBeanFactory.doCreateBean(AbstractAutowireCapableBeanFactory.java:603) ~[spring-beans-7.0.6.jar:7.0.6]
	at org.springframework.beans.factory.support.AbstractAutowireCapableBeanFactory.createBean(AbstractAutowireCapableBeanFactory.java:525) ~[spring-beans-7.0.6.jar:7.0.6]
	at org.springframework.beans.factory.support.AbstractBeanFactory.lambda$doGetBean$0(AbstractBeanFactory.java:333) ~[spring-beans-7.0.6.jar:7.0.6]
	at org.springframework.beans.factory.support.DefaultSingletonBeanRegistry.getSingleton(DefaultSingletonBeanRegistry.java:371) ~[spring-beans-7.0.6.jar:7.0.6]
	at org.springframework.beans.factory.support.AbstractBeanFactory.doGetBean(AbstractBeanFactory.java:331) ~[spring-beans-7.0.6.jar:7.0.6]
	at org.springframework.beans.factory.support.AbstractBeanFactory.getBean(AbstractBeanFactory.java:201) ~[spring-beans-7.0.6.jar:7.0.6]
	at org.springframework.beans.factory.config.DependencyDescriptor.resolveCandidate(DependencyDescriptor.java:229) ~[spring-beans-7.0.6.jar:7.0.6]
	at org.springframework.beans.factory.support.DefaultListableBeanFactory.doResolveDependency(DefaultListableBeanFactory.java:1762) ~[spring-beans-7.0.6.jar:7.0.6]
	at org.springframework.beans.factory.support.DefaultListableBeanFactory.resolveDependency(DefaultListableBeanFactory.java:1651) ~[spring-beans-7.0.6.jar:7.0.6]
	at org.springframework.beans.factory.support.ConstructorResolver.resolveAutowiredArgument(ConstructorResolver.java:912) ~[spring-beans-7.0.6.jar:7.0.6]
	at org.springframework.beans.factory.support.ConstructorResolver.createArgumentArray(ConstructorResolver.java:791) ~[spring-beans-7.0.6.jar:7.0.6]
	... 21 common frames omitted
Caused by: org.springframework.data.repository.query.QueryCreationException: Cannot create query for method [IFlightRepository.findTop5ByArrivalDateBetweenOrderByEstimatedPassengersDesc(java.sql.Timestamp,java.sql.Timestamp)]; No property 'estimatedPassengers' found for type 'Flight'
	at org.springframework.data.repository.query.QueryCreationException.create(QueryCreationException.java:109) ~[spring-data-commons-4.0.4.jar:4.0.4]
	at org.springframework.data.jpa.repository.query.PartTreeJpaQuery.<init>(PartTreeJpaQuery.java:114) ~[spring-data-jpa-4.0.4.jar:4.0.4]
	at org.springframework.data.jpa.repository.query.JpaQueryLookupStrategy$CreateQueryLookupStrategy.resolveQuery(JpaQueryLookupStrategy.java:118) ~[spring-data-jpa-4.0.4.jar:4.0.4]
	at org.springframework.data.jpa.repository.query.JpaQueryLookupStrategy$CreateIfNotFoundQueryLookupStrategy.resolveQuery(JpaQueryLookupStrategy.java:291) ~[spring-data-jpa-4.0.4.jar:4.0.4]
	at org.springframework.data.jpa.repository.query.JpaQueryLookupStrategy$AbstractQueryLookupStrategy.resolveQuery(JpaQueryLookupStrategy.java:93) ~[spring-data-jpa-4.0.4.jar:4.0.4]
	at org.springframework.data.repository.core.support.QueryExecutorMethodInterceptor.lookupQuery(QueryExecutorMethodInterceptor.java:114) ~[spring-data-commons-4.0.4.jar:4.0.4]
	at org.springframework.data.repository.core.support.QueryExecutorMethodInterceptor.mapMethodsToQuery(QueryExecutorMethodInterceptor.java:102) ~[spring-data-commons-4.0.4.jar:4.0.4]
	at org.springframework.data.repository.core.support.QueryExecutorMethodInterceptor.<init>(QueryExecutorMethodInterceptor.java:90) ~[spring-data-commons-4.0.4.jar:4.0.4]
	at org.springframework.data.repository.core.support.RepositoryFactorySupport.getRepository(RepositoryFactorySupport.java:413) ~[spring-data-commons-4.0.4.jar:4.0.4]
	at org.springframework.data.repository.core.support.RepositoryFactoryBeanSupport.lambda$afterPropertiesSet$1(RepositoryFactoryBeanSupport.java:361) ~[spring-data-commons-4.0.4.jar:4.0.4]
	at org.springframework.data.util.Lazy.getNullable(Lazy.java:136) ~[spring-data-commons-4.0.4.jar:4.0.4]
	at org.springframework.data.util.Lazy.get(Lazy.java:114) ~[spring-data-commons-4.0.4.jar:4.0.4]
	at org.springframework.data.repository.core.support.RepositoryFactoryBeanSupport.afterPropertiesSet(RepositoryFactoryBeanSupport.java:370) ~[spring-data-commons-4.0.4.jar:4.0.4]
	at org.springframework.data.jpa.repository.support.JpaRepositoryFactoryBean.afterPropertiesSet(JpaRepositoryFactoryBean.java:212) ~[spring-data-jpa-4.0.4.jar:4.0.4]
	at org.springframework.beans.factory.support.AbstractAutowireCapableBeanFactory.invokeInitMethods(AbstractAutowireCapableBeanFactory.java:1864) ~[spring-beans-7.0.6.jar:7.0.6]
	at org.springframework.beans.factory.support.AbstractAutowireCapableBeanFactory.initializeBean(AbstractAutowireCapableBeanFactory.java:1813) ~[spring-beans-7.0.6.jar:7.0.6]
	... 32 common frames omitted
Caused by: org.springframework.data.core.PropertyReferenceException: No property 'estimatedPassengers' found for type 'Flight'
	at org.springframework.data.core.SimplePropertyPath.<init>(SimplePropertyPath.java:93) ~[spring-data-commons-4.0.4.jar:4.0.4]
	at org.springframework.data.core.SimplePropertyPath.create(SimplePropertyPath.java:360) ~[spring-data-commons-4.0.4.jar:4.0.4]
	at org.springframework.data.core.SimplePropertyPath.create(SimplePropertyPath.java:335) ~[spring-data-commons-4.0.4.jar:4.0.4]
	at org.springframework.data.core.SimplePropertyPath.lambda$from$0(SimplePropertyPath.java:288) ~[spring-data-commons-4.0.4.jar:4.0.4]
	at org.springframework.util.ConcurrentReferenceHashMap$6.execute(ConcurrentReferenceHashMap.java:387) ~[spring-core-7.0.6.jar:7.0.6]
	at org.springframework.util.ConcurrentReferenceHashMap$Segment.doTask(ConcurrentReferenceHashMap.java:681) ~[spring-core-7.0.6.jar:7.0.6]
	at org.springframework.util.ConcurrentReferenceHashMap.doTask(ConcurrentReferenceHashMap.java:565) ~[spring-core-7.0.6.jar:7.0.6]
	at org.springframework.util.ConcurrentReferenceHashMap.computeIfAbsent(ConcurrentReferenceHashMap.java:381) ~[spring-core-7.0.6.jar:7.0.6]
	at org.springframework.data.core.SimplePropertyPath.from(SimplePropertyPath.java:270) ~[spring-data-commons-4.0.4.jar:4.0.4]
	at org.springframework.data.core.PropertyPath.from(PropertyPath.java:210) ~[spring-data-commons-4.0.4.jar:4.0.4]
	at org.springframework.data.core.PropertyPath.from(PropertyPath.java:193) ~[spring-data-commons-4.0.4.jar:4.0.4]
	at org.springframework.data.repository.query.parser.OrderBySource.lambda$createOrder$0(OrderBySource.java:110) ~[spring-data-commons-4.0.4.jar:4.0.4]
	at java.base/java.util.Optional.map(Optional.java:260) ~[na:na]
	at org.springframework.data.repository.query.parser.OrderBySource.createOrder(OrderBySource.java:108) ~[spring-data-commons-4.0.4.jar:4.0.4]
	at org.springframework.data.repository.query.parser.OrderBySource.<init>(OrderBySource.java:92) ~[spring-data-commons-4.0.4.jar:4.0.4]
	at org.springframework.data.repository.query.parser.PartTree$Predicate.<init>(PartTree.java:393) ~[spring-data-commons-4.0.4.jar:4.0.4]
	at org.springframework.data.repository.query.parser.PartTree.<init>(PartTree.java:104) ~[spring-data-commons-4.0.4.jar:4.0.4]
	at org.springframework.data.jpa.repository.query.PartTreeJpaQuery.<init>(PartTreeJpaQuery.java:108) ~[spring-data-jpa-4.0.4.jar:4.0.4]
	... 46 common frames omitted

2026-09-23 12:05:46.122  INFO 6064 --- [demo] [main] com.example.demo.DemoApplication         : Starting DemoApplication using Java 17.0.2 with PID 6064 (C:\Users\juanf\OneDrive\Desktop\parcial-avion-master (1)\parcial-avion-master\target\classes started by juanf in C:\Users\juanf\OneDrive\Desktop\parcial-avion-master (1)\parcial-avion-master)
2026-09-23 12:05:46.126  INFO 6064 --- [demo] [main] com.example.demo.DemoApplication         : No active profile set, falling back to 1 default profile: "default"
2026-09-23 12:05:47.051  INFO 6064 --- [demo] [main] .s.d.r.c.RepositoryConfigurationDelegate : Bootstrapping Spring Data JPA repositories in DEFAULT mode.
2026-09-23 12:05:47.176  INFO 6064 --- [demo] [main] .s.d.r.c.RepositoryConfigurationDelegate : Finished Spring Data repository scanning in 112 ms. Found 6 JPA repository interfaces.
2026-09-23 12:05:47.977  INFO 6064 --- [demo] [main] o.s.boot.tomcat.TomcatWebServer          : Tomcat initialized with port 8081 (http)
2026-09-23 12:05:47.999  INFO 6064 --- [demo] [main] o.apache.catalina.core.StandardService   : Starting service [Tomcat]
2026-09-23 12:05:48.000  INFO 6064 --- [demo] [main] o.apache.catalina.core.StandardEngine    : Starting Servlet engine: [Apache Tomcat/11.0.18]
2026-09-23 12:05:48.099  INFO 6064 --- [demo] [main] b.w.c.s.WebApplicationContextInitializer : Root WebApplicationContext: initialization completed in 1892 ms
2026-09-23 12:05:48.350  INFO 6064 --- [demo] [main] org.hibernate.orm.jpa                    : HHH008540: Processing PersistenceUnitInfo [name: default]
2026-09-23 12:05:48.433  INFO 6064 --- [demo] [main] org.hibernate.orm.core                   : HHH000001: Hibernate ORM core version 7.2.7.Final
2026-09-23 12:05:49.152  INFO 6064 --- [demo] [main] o.s.o.j.p.SpringPersistenceUnitInfo      : No LoadTimeWeaver setup: ignoring JPA class transformer
2026-09-23 12:05:49.216  INFO 6064 --- [demo] [main] com.zaxxer.hikari.HikariDataSource       : HikariPool-1 - Starting...
2026-09-23 12:05:49.489  INFO 6064 --- [demo] [main] com.zaxxer.hikari.pool.HikariPool        : HikariPool-1 - Added connection conn0: url=jdbc:h2:mem:db-test user=POSTGRES
2026-09-23 12:05:49.495  INFO 6064 --- [demo] [main] com.zaxxer.hikari.HikariDataSource       : HikariPool-1 - Start completed.
2026-09-23 12:05:49.583  INFO 6064 --- [demo] [main] org.hibernate.orm.connections.pooling    : HHH10001005: Database info:
	Database JDBC URL [jdbc:h2:mem:db-test]
	Database driver: H2 JDBC Driver
	Database dialect: H2Dialect
	Database version: 2.4.240
	Default catalog/schema: DB-TEST/PUBLIC
	Autocommit mode: undefined/unknown
	Isolation level: READ_COMMITTED [default READ_COMMITTED]
	JDBC fetch size: 100
	Pool: DataSourceConnectionProvider
	Minimum pool size: undefined/unknown
	Maximum pool size: undefined/unknown
2026-09-23 12:05:51.147  INFO 6064 --- [demo] [main] org.hibernate.orm.core                   : HHH000489: No JTA platform available (set 'hibernate.transaction.jta.platform' to enable JTA platform integration)
2026-09-23 12:05:51.251  INFO 6064 --- [demo] [main] j.LocalContainerEntityManagerFactoryBean : Initialized JPA EntityManagerFactory for persistence unit 'default'
2026-09-23 12:05:51.358  INFO 6064 --- [demo] [main] o.s.d.j.r.query.QueryEnhancerFactories   : Hibernate is in classpath; If applicable, HQL parser will be used.
2026-09-23 12:05:51.682  WARN 6064 --- [demo] [main] ConfigServletWebServerApplicationContext : Exception encountered during context initialization - cancelling refresh attempt: org.springframework.beans.factory.UnsatisfiedDependencyException: Error creating bean with name 'controller' defined in file [C:\Users\juanf\OneDrive\Desktop\parcial-avion-master (1)\parcial-avion-master\target\classes\com\example\demo\controller\Controller.class]: Unsatisfied dependency expressed through constructor parameter 3: Error creating bean with name 'IFlightRepository' defined in com.example.demo.repository.IFlightRepository defined in @EnableJpaRepositories declared on DataJpaRepositoriesRegistrar.EnableJpaRepositoriesConfiguration: No property 'estimated' found for type 'Flight'
2026-09-23 12:05:51.684  INFO 6064 --- [demo] [main] j.LocalContainerEntityManagerFactoryBean : Closing JPA EntityManagerFactory for persistence unit 'default'
2026-09-23 12:05:51.695  INFO 6064 --- [demo] [main] com.zaxxer.hikari.HikariDataSource       : HikariPool-1 - Shutdown initiated...
2026-09-23 12:05:51.698  INFO 6064 --- [demo] [main] com.zaxxer.hikari.HikariDataSource       : HikariPool-1 - Shutdown completed.
2026-09-23 12:05:51.703  INFO 6064 --- [demo] [main] o.apache.catalina.core.StandardService   : Stopping service [Tomcat]
2026-09-23 12:05:51.714  INFO 6064 --- [demo] [main] .s.b.a.l.ConditionEvaluationReportLogger : 

Error starting ApplicationContext. To display the condition evaluation report re-run your application with 'debug' enabled.
2026-09-23 12:05:51.793 ERROR 6064 --- [demo] [main] o.s.boot.SpringApplication               : Application run failed

org.springframework.beans.factory.UnsatisfiedDependencyException: Error creating bean with name 'controller' defined in file [C:\Users\juanf\OneDrive\Desktop\parcial-avion-master (1)\parcial-avion-master\target\classes\com\example\demo\controller\Controller.class]: Unsatisfied dependency expressed through constructor parameter 3: Error creating bean with name 'IFlightRepository' defined in com.example.demo.repository.IFlightRepository defined in @EnableJpaRepositories declared on DataJpaRepositoriesRegistrar.EnableJpaRepositoriesConfiguration: No property 'estimated' found for type 'Flight'
	at org.springframework.beans.factory.support.ConstructorResolver.createArgumentArray(ConstructorResolver.java:804) ~[spring-beans-7.0.6.jar:7.0.6]
	at org.springframework.beans.factory.support.ConstructorResolver.autowireConstructor(ConstructorResolver.java:240) ~[spring-beans-7.0.6.jar:7.0.6]
	at org.springframework.beans.factory.support.AbstractAutowireCapableBeanFactory.autowireConstructor(AbstractAutowireCapableBeanFactory.java:1382) ~[spring-beans-7.0.6.jar:7.0.6]
	at org.springframework.beans.factory.support.AbstractAutowireCapableBeanFactory.createBeanInstance(AbstractAutowireCapableBeanFactory.java:1221) ~[spring-beans-7.0.6.jar:7.0.6]
	at org.springframework.beans.factory.support.AbstractAutowireCapableBeanFactory.doCreateBean(AbstractAutowireCapableBeanFactory.java:565) ~[spring-beans-7.0.6.jar:7.0.6]
	at org.springframework.beans.factory.support.AbstractAutowireCapableBeanFactory.createBean(AbstractAutowireCapableBeanFactory.java:525) ~[spring-beans-7.0.6.jar:7.0.6]
	at org.springframework.beans.factory.support.AbstractBeanFactory.lambda$doGetBean$0(AbstractBeanFactory.java:333) ~[spring-beans-7.0.6.jar:7.0.6]
	at org.springframework.beans.factory.support.DefaultSingletonBeanRegistry.getSingleton(DefaultSingletonBeanRegistry.java:371) ~[spring-beans-7.0.6.jar:7.0.6]
	at org.springframework.beans.factory.support.AbstractBeanFactory.doGetBean(AbstractBeanFactory.java:331) ~[spring-beans-7.0.6.jar:7.0.6]
	at org.springframework.beans.factory.support.AbstractBeanFactory.getBean(AbstractBeanFactory.java:196) ~[spring-beans-7.0.6.jar:7.0.6]
	at org.springframework.beans.factory.support.DefaultListableBeanFactory.instantiateSingleton(DefaultListableBeanFactory.java:1218) ~[spring-beans-7.0.6.jar:7.0.6]
	at org.springframework.beans.factory.support.DefaultListableBeanFactory.preInstantiateSingleton(DefaultListableBeanFactory.java:1184) ~[spring-beans-7.0.6.jar:7.0.6]
	at org.springframework.beans.factory.support.DefaultListableBeanFactory.preInstantiateSingletons(DefaultListableBeanFactory.java:1121) ~[spring-beans-7.0.6.jar:7.0.6]
	at org.springframework.context.support.AbstractApplicationContext.finishBeanFactoryInitialization(AbstractApplicationContext.java:994) ~[spring-context-7.0.6.jar:7.0.6]
	at org.springframework.context.support.AbstractApplicationContext.refresh(AbstractApplicationContext.java:621) ~[spring-context-7.0.6.jar:7.0.6]
	at org.springframework.boot.web.server.servlet.context.ServletWebServerApplicationContext.refresh(ServletWebServerApplicationContext.java:143) ~[spring-boot-web-server-4.0.4.jar:4.0.4]
	at org.springframework.boot.SpringApplication.refresh(SpringApplication.java:756) ~[spring-boot-4.0.4.jar:4.0.4]
	at org.springframework.boot.SpringApplication.refreshContext(SpringApplication.java:445) ~[spring-boot-4.0.4.jar:4.0.4]
	at org.springframework.boot.SpringApplication.run(SpringApplication.java:321) ~[spring-boot-4.0.4.jar:4.0.4]
	at org.springframework.boot.SpringApplication.run(SpringApplication.java:1365) ~[spring-boot-4.0.4.jar:4.0.4]
	at org.springframework.boot.SpringApplication.run(SpringApplication.java:1354) ~[spring-boot-4.0.4.jar:4.0.4]
	at com.example.demo.DemoApplication.main(DemoApplication.java:10) ~[classes/:na]
Caused by: org.springframework.beans.factory.BeanCreationException: Error creating bean with name 'IFlightRepository' defined in com.example.demo.repository.IFlightRepository defined in @EnableJpaRepositories declared on DataJpaRepositoriesRegistrar.EnableJpaRepositoriesConfiguration: No property 'estimated' found for type 'Flight'
	at org.springframework.beans.factory.support.AbstractAutowireCapableBeanFactory.initializeBean(AbstractAutowireCapableBeanFactory.java:1817) ~[spring-beans-7.0.6.jar:7.0.6]
	at org.springframework.beans.factory.support.AbstractAutowireCapableBeanFactory.doCreateBean(AbstractAutowireCapableBeanFactory.java:603) ~[spring-beans-7.0.6.jar:7.0.6]
	at org.springframework.beans.factory.support.AbstractAutowireCapableBeanFactory.createBean(AbstractAutowireCapableBeanFactory.java:525) ~[spring-beans-7.0.6.jar:7.0.6]
	at org.springframework.beans.factory.support.AbstractBeanFactory.lambda$doGetBean$0(AbstractBeanFactory.java:333) ~[spring-beans-7.0.6.jar:7.0.6]
	at org.springframework.beans.factory.support.DefaultSingletonBeanRegistry.getSingleton(DefaultSingletonBeanRegistry.java:371) ~[spring-beans-7.0.6.jar:7.0.6]
	at org.springframework.beans.factory.support.AbstractBeanFactory.doGetBean(AbstractBeanFactory.java:331) ~[spring-beans-7.0.6.jar:7.0.6]
	at org.springframework.beans.factory.support.AbstractBeanFactory.getBean(AbstractBeanFactory.java:201) ~[spring-beans-7.0.6.jar:7.0.6]
	at org.springframework.beans.factory.config.DependencyDescriptor.resolveCandidate(DependencyDescriptor.java:229) ~[spring-beans-7.0.6.jar:7.0.6]
	at org.springframework.beans.factory.support.DefaultListableBeanFactory.doResolveDependency(DefaultListableBeanFactory.java:1762) ~[spring-beans-7.0.6.jar:7.0.6]
	at org.springframework.beans.factory.support.DefaultListableBeanFactory.resolveDependency(DefaultListableBeanFactory.java:1651) ~[spring-beans-7.0.6.jar:7.0.6]
	at org.springframework.beans.factory.support.ConstructorResolver.resolveAutowiredArgument(ConstructorResolver.java:912) ~[spring-beans-7.0.6.jar:7.0.6]
	at org.springframework.beans.factory.support.ConstructorResolver.createArgumentArray(ConstructorResolver.java:791) ~[spring-beans-7.0.6.jar:7.0.6]
	... 21 common frames omitted
Caused by: org.springframework.data.repository.query.QueryCreationException: Cannot create query for method [IFlightRepository.findTop5ByArrivalDateBetweenOrderByEstimated_PassengerDesc(java.sql.Timestamp,java.sql.Timestamp)]; No property 'estimated' found for type 'Flight'
	at org.springframework.data.repository.query.QueryCreationException.create(QueryCreationException.java:109) ~[spring-data-commons-4.0.4.jar:4.0.4]
	at org.springframework.data.jpa.repository.query.PartTreeJpaQuery.<init>(PartTreeJpaQuery.java:114) ~[spring-data-jpa-4.0.4.jar:4.0.4]
	at org.springframework.data.jpa.repository.query.JpaQueryLookupStrategy$CreateQueryLookupStrategy.resolveQuery(JpaQueryLookupStrategy.java:118) ~[spring-data-jpa-4.0.4.jar:4.0.4]
	at org.springframework.data.jpa.repository.query.JpaQueryLookupStrategy$CreateIfNotFoundQueryLookupStrategy.resolveQuery(JpaQueryLookupStrategy.java:291) ~[spring-data-jpa-4.0.4.jar:4.0.4]
	at org.springframework.data.jpa.repository.query.JpaQueryLookupStrategy$AbstractQueryLookupStrategy.resolveQuery(JpaQueryLookupStrategy.java:93) ~[spring-data-jpa-4.0.4.jar:4.0.4]
	at org.springframework.data.repository.core.support.QueryExecutorMethodInterceptor.lookupQuery(QueryExecutorMethodInterceptor.java:114) ~[spring-data-commons-4.0.4.jar:4.0.4]
	at org.springframework.data.repository.core.support.QueryExecutorMethodInterceptor.mapMethodsToQuery(QueryExecutorMethodInterceptor.java:102) ~[spring-data-commons-4.0.4.jar:4.0.4]
	at org.springframework.data.repository.core.support.QueryExecutorMethodInterceptor.<init>(QueryExecutorMethodInterceptor.java:90) ~[spring-data-commons-4.0.4.jar:4.0.4]
	at org.springframework.data.repository.core.support.RepositoryFactorySupport.getRepository(RepositoryFactorySupport.java:413) ~[spring-data-commons-4.0.4.jar:4.0.4]
	at org.springframework.data.repository.core.support.RepositoryFactoryBeanSupport.lambda$afterPropertiesSet$1(RepositoryFactoryBeanSupport.java:361) ~[spring-data-commons-4.0.4.jar:4.0.4]
	at org.springframework.data.util.Lazy.getNullable(Lazy.java:136) ~[spring-data-commons-4.0.4.jar:4.0.4]
	at org.springframework.data.util.Lazy.get(Lazy.java:114) ~[spring-data-commons-4.0.4.jar:4.0.4]
	at org.springframework.data.repository.core.support.RepositoryFactoryBeanSupport.afterPropertiesSet(RepositoryFactoryBeanSupport.java:370) ~[spring-data-commons-4.0.4.jar:4.0.4]
	at org.springframework.data.jpa.repository.support.JpaRepositoryFactoryBean.afterPropertiesSet(JpaRepositoryFactoryBean.java:212) ~[spring-data-jpa-4.0.4.jar:4.0.4]
	at org.springframework.beans.factory.support.AbstractAutowireCapableBeanFactory.invokeInitMethods(AbstractAutowireCapableBeanFactory.java:1864) ~[spring-beans-7.0.6.jar:7.0.6]
	at org.springframework.beans.factory.support.AbstractAutowireCapableBeanFactory.initializeBean(AbstractAutowireCapableBeanFactory.java:1813) ~[spring-beans-7.0.6.jar:7.0.6]
	... 32 common frames omitted
Caused by: org.springframework.data.core.PropertyReferenceException: No property 'estimated' found for type 'Flight'
	at org.springframework.data.core.SimplePropertyPath.<init>(SimplePropertyPath.java:93) ~[spring-data-commons-4.0.4.jar:4.0.4]
	at org.springframework.data.core.SimplePropertyPath.create(SimplePropertyPath.java:360) ~[spring-data-commons-4.0.4.jar:4.0.4]
	at org.springframework.data.core.SimplePropertyPath.create(SimplePropertyPath.java:335) ~[spring-data-commons-4.0.4.jar:4.0.4]
	at org.springframework.data.core.SimplePropertyPath.lambda$from$0(SimplePropertyPath.java:288) ~[spring-data-commons-4.0.4.jar:4.0.4]
	at org.springframework.util.ConcurrentReferenceHashMap$6.execute(ConcurrentReferenceHashMap.java:387) ~[spring-core-7.0.6.jar:7.0.6]
	at org.springframework.util.ConcurrentReferenceHashMap$Segment.doTask(ConcurrentReferenceHashMap.java:681) ~[spring-core-7.0.6.jar:7.0.6]
	at org.springframework.util.ConcurrentReferenceHashMap.doTask(ConcurrentReferenceHashMap.java:565) ~[spring-core-7.0.6.jar:7.0.6]
	at org.springframework.util.ConcurrentReferenceHashMap.computeIfAbsent(ConcurrentReferenceHashMap.java:381) ~[spring-core-7.0.6.jar:7.0.6]
	at org.springframework.data.core.SimplePropertyPath.from(SimplePropertyPath.java:270) ~[spring-data-commons-4.0.4.jar:4.0.4]
	at org.springframework.data.core.PropertyPath.from(PropertyPath.java:210) ~[spring-data-commons-4.0.4.jar:4.0.4]
	at org.springframework.data.core.PropertyPath.from(PropertyPath.java:193) ~[spring-data-commons-4.0.4.jar:4.0.4]
	at org.springframework.data.repository.query.parser.OrderBySource.lambda$createOrder$0(OrderBySource.java:110) ~[spring-data-commons-4.0.4.jar:4.0.4]
	at java.base/java.util.Optional.map(Optional.java:260) ~[na:na]
	at org.springframework.data.repository.query.parser.OrderBySource.createOrder(OrderBySource.java:108) ~[spring-data-commons-4.0.4.jar:4.0.4]
	at org.springframework.data.repository.query.parser.OrderBySource.<init>(OrderBySource.java:92) ~[spring-data-commons-4.0.4.jar:4.0.4]
	at org.springframework.data.repository.query.parser.PartTree$Predicate.<init>(PartTree.java:393) ~[spring-data-commons-4.0.4.jar:4.0.4]
	at org.springframework.data.repository.query.parser.PartTree.<init>(PartTree.java:104) ~[spring-data-commons-4.0.4.jar:4.0.4]
	at org.springframework.data.jpa.repository.query.PartTreeJpaQuery.<init>(PartTreeJpaQuery.java:108) ~[spring-data-jpa-4.0.4.jar:4.0.4]
	... 46 common frames omitted

2026-09-23 12:07:27.305  INFO 14792 --- [demo] [main] com.example.demo.DemoApplication         : Starting DemoApplication using Java 17.0.2 with PID 14792 (C:\Users\juanf\OneDrive\Desktop\parcial-avion-master (1)\parcial-avion-master\target\classes started by juanf in C:\Users\juanf\OneDrive\Desktop\parcial-avion-master (1)\parcial-avion-master)
2026-09-23 12:07:27.313  INFO 14792 --- [demo] [main] com.example.demo.DemoApplication         : No active profile set, falling back to 1 default profile: "default"
2026-09-23 12:07:28.294  INFO 14792 --- [demo] [main] .s.d.r.c.RepositoryConfigurationDelegate : Bootstrapping Spring Data JPA repositories in DEFAULT mode.
2026-09-23 12:07:28.397  INFO 14792 --- [demo] [main] .s.d.r.c.RepositoryConfigurationDelegate : Finished Spring Data repository scanning in 90 ms. Found 6 JPA repository interfaces.
2026-09-23 12:07:29.143  INFO 14792 --- [demo] [main] o.s.boot.tomcat.TomcatWebServer          : Tomcat initialized with port 8081 (http)
2026-09-23 12:07:29.162  INFO 14792 --- [demo] [main] o.apache.catalina.core.StandardService   : Starting service [Tomcat]
2026-09-23 12:07:29.163  INFO 14792 --- [demo] [main] o.apache.catalina.core.StandardEngine    : Starting Servlet engine: [Apache Tomcat/11.0.18]
2026-09-23 12:07:29.250  INFO 14792 --- [demo] [main] b.w.c.s.WebApplicationContextInitializer : Root WebApplicationContext: initialization completed in 1858 ms
2026-09-23 12:07:29.485  INFO 14792 --- [demo] [main] org.hibernate.orm.jpa                    : HHH008540: Processing PersistenceUnitInfo [name: default]
2026-09-23 12:07:29.567  INFO 14792 --- [demo] [main] org.hibernate.orm.core                   : HHH000001: Hibernate ORM core version 7.2.7.Final
2026-09-23 12:07:30.293  INFO 14792 --- [demo] [main] o.s.o.j.p.SpringPersistenceUnitInfo      : No LoadTimeWeaver setup: ignoring JPA class transformer
2026-09-23 12:07:30.359  INFO 14792 --- [demo] [main] com.zaxxer.hikari.HikariDataSource       : HikariPool-1 - Starting...
2026-09-23 12:07:30.647  INFO 14792 --- [demo] [main] com.zaxxer.hikari.pool.HikariPool        : HikariPool-1 - Added connection conn0: url=jdbc:h2:mem:db-test user=POSTGRES
2026-09-23 12:07:30.652  INFO 14792 --- [demo] [main] com.zaxxer.hikari.HikariDataSource       : HikariPool-1 - Start completed.
2026-09-23 12:07:30.740  INFO 14792 --- [demo] [main] org.hibernate.orm.connections.pooling    : HHH10001005: Database info:
	Database JDBC URL [jdbc:h2:mem:db-test]
	Database driver: H2 JDBC Driver
	Database dialect: H2Dialect
	Database version: 2.4.240
	Default catalog/schema: DB-TEST/PUBLIC
	Autocommit mode: undefined/unknown
	Isolation level: READ_COMMITTED [default READ_COMMITTED]
	JDBC fetch size: 100
	Pool: DataSourceConnectionProvider
	Minimum pool size: undefined/unknown
	Maximum pool size: undefined/unknown
2026-09-23 12:07:32.194  INFO 14792 --- [demo] [main] org.hibernate.orm.core                   : HHH000489: No JTA platform available (set 'hibernate.transaction.jta.platform' to enable JTA platform integration)
2026-09-23 12:07:32.317  INFO 14792 --- [demo] [main] j.LocalContainerEntityManagerFactoryBean : Initialized JPA EntityManagerFactory for persistence unit 'default'
2026-09-23 12:07:32.417  INFO 14792 --- [demo] [main] o.s.d.j.r.query.QueryEnhancerFactories   : Hibernate is in classpath; If applicable, HQL parser will be used.
2026-09-23 12:07:32.847  WARN 14792 --- [demo] [main] JpaBaseConfiguration$JpaWebConfiguration : spring.jpa.open-in-view is enabled by default. Therefore, database queries may be performed during view rendering. Explicitly configure spring.jpa.open-in-view to disable this warning
2026-09-23 12:07:33.293  INFO 14792 --- [demo] [main] o.s.b.h.a.H2ConsoleAutoConfiguration     : H2 console available at '/h2-console'. Database available at 'jdbc:h2:mem:db-test'
2026-09-23 12:07:33.444  INFO 14792 --- [demo] [main] o.s.boot.tomcat.TomcatWebServer          : Tomcat started on port 8081 (http) with context path '/compunet2-2026'
2026-09-23 12:07:33.451  INFO 14792 --- [demo] [main] com.example.demo.DemoApplication         : Started DemoApplication in 6.88 seconds (process running for 7.48)
2026-09-23 12:07:40.692  INFO 14792 --- [demo] [http-nio-8081-exec-1] o.a.c.c.C.[.[.[/compunet2-2026]          : Initializing Spring DispatcherServlet 'dispatcherServlet'
2026-09-23 12:07:40.693  INFO 14792 --- [demo] [http-nio-8081-exec-1] o.s.web.servlet.DispatcherServlet        : Initializing Servlet 'dispatcherServlet'
2026-09-23 12:07:40.696  INFO 14792 --- [demo] [http-nio-8081-exec-1] o.s.web.servlet.DispatcherServlet        : Completed initialization in 1 ms
2026-09-23 14:16:03.099  WARN 14792 --- [demo] [HikariPool-1:housekeeper] com.zaxxer.hikari.pool.HikariPool        : HikariPool-1 - Thread starvation or clock leap detected (housekeeper delta=2h5m42s470ms150µs200ns).
